NOMBRE ;AULA;PISO;BLOQUE
AARON FREDDY CRUZ TANCARA;E-501;5;E
AARON JESUS FERRUFINO CARDENAS;E-501;5;E
AARON MONTERO ZABALA;E-501;5;E
AARON RAMSSES MALLEA FERNANDEZ;E-501;5;E
ABIGAIL AGUANTA PALACIOS;E-501;5;E
ABIGAIL ARANCIBIA PEÑARANDA;E-501;5;E
ABIGAIL ARANIBAR CALLAPA;E-501;5;E
ABIGAIL HURTADO VACA;E-501;5;E
ABIGAIL NAOMI MAGNE ALCOBA;E-501;5;E
ABIGAIL REINOSO MARIN;E-501;5;E
ABIGAIL TORRICO TORRICO;E-501;5;E
ABIMAEL FABRICIO SALAS VACA;E-501;5;E
ABRIL SIMONE FERNANDEZ MAMANI;E-501;5;E
ABRIL VALERIA CLAURE RIVERO;E-501;5;E
ADRIANA BELEN LIMACHI BRAVO;E-501;5;E
ADRIANA ESCALERA LOPEZ;E-501;5;E
ADRIANA MORALES RAMIREZ;E-501;5;E
ADRIANA SOFIA RIVERA AZEÑAS;E-501;5;E
AIDA INES CASPARY MONASTERIO;E-501;5;E
ALAIN FAREL AGUADO;E-501;5;E
ALBA ANDREA VELASQUEZ CARDENAS;E-501;5;E
ALBA RUTH TORREZ OLMOS;E-501;5;E
ALBERTO AGUILERA MENACHO;E-501;5;E
ALDRIN DELGADILLO LINO;E-501;5;E
ALEJANDRA GUACAMA CAYO;E-501;5;E
ALEJANDRA MAIA CASTILLO JORA;E-501;5;E
ALEJANDRA ROCA KONSTANTINOVAS;E-501;5;E
ALESSANDRA ALFARO URGEL;E-501;5;E
ALEX MATEO VIGABRIEL PATZI;E-501;5;E
ALEXA CORONADO VELASCO;E-501;5;E
ALEXANDER ISRAEL IBAÑEZ CONDORI;E-501;5;E
ALEXANDRA PELAEZ AGUILAR;E-501;5;E
ALEXANDRA SANDOVAL GOITIA;E-501;5;E
ALEXANDRE SALVATIERRA RIBERA;E-501;5;E
ALEXIA LUNA CHOCAMANI;E-501;5;E
ALEXIS ANDRE SAAVEDRA MORENO;E-501;5;E
ALISON PILAR PRADO CANAZA;E-501;5;E
ALISON SARIATH GUTIERREZ CUELLAR;E-501;5;E
ALISON YANINE VERA PEDRAZA;E-501;5;E
ALISSON FERNANDA NAVA AMUSQUIVAR;E-501;5;E
ALISSON MYA ARDAYA GONZALES;E-502;5;E
ALISSON NATALIA ARUQUIPA ALVAREZ;E-502;5;E
ALLISON ADRIANE DE LOS RIOS MOYE;E-502;5;E
ALVARO JOSUE ALVAREZ BARRON;E-502;5;E
ANA BEATRIZ CRESPO ROJAS;E-502;5;E
ANA ESTHER OJEDA VARGAS;E-502;5;E
ANA LIBNY ROCHA MORALES;E-502;5;E
ANABEL GUADALUPE SOLIS GALARZA;E-502;5;E
ANAHI SOLIZ SAUCEDO;E-502;5;E
ANALIA BELEN MORALES GIL;E-502;5;E
ANALIA ROCA AÑEZ;E-502;5;E
ANDER YHIN ROCABADO ROJAS;E-502;5;E
ANDERSON CAÑARI LAURA;E-502;5;E
ANDERSON ROMERO ARAUZ;E-502;5;E
ANDERSON WILBER RUIZ CORTEZ;E-502;5;E
ANDREA ARDAYA JUSTINIANO;E-502;5;E
ANDREA DANITZA DURAN CALLIZAYA;E-502;5;E
ANDREA MONSERRAT MIRANDA ARZABE;E-502;5;E
ANDREA NATALIA SUAREZ AGUILERA;E-502;5;E
ANDREA NICOLE CUELLAR DENEULIN;E-502;5;E
ANDREA TORREBLANCA VARGAS;E-502;5;E
ANDREI ALANIZ BLAY;E-502;5;E
ANDRES ALEJANDRO VARGAS DELGADILLO;E-502;5;E
ANDRES CUELLAR RIVERO;E-502;5;E
ANDRES FABRICIO SILVA CALLE;E-502;5;E
ANDRES PONTON VILLARROEL;E-502;5;E
ANDRES SLAE FERNANDEZ GARCIA;E-502;5;E
ANELISSE RODRIGUEZ MIRANDA;E-502;5;E
ANELISSE SERDIO SALVATIERRA;E-502;5;E
ANGEL AARON CAMBARA CARDOZO;E-502;5;E
ANGEL JAZIEL SEGUNDO TORRICO;E-502;5;E
ANGEL RICARDO URQUIZA MENDEZ;E-502;5;E
ANGEL SEBASTIAN ROCHA BENITEZ;E-502;5;E
ANGELA DANIELA FARELL LANGUIDEY;E-502;5;E
ANGELA JAZMIN PARDO CUELLAR;E-502;5;E
ANGELA MIKAELA PINO SOLANO;E-502;5;E
ANGELA VALERIA VEGA ARTEAGA;E-502;5;E
ANGELES KAROL TILILA GUZMAN;E-502;5;E
ANGELICA NICOL DAZA CORONADO;E-502;5;E
ANGELINA BENAVIDES ALVAREZ;E-502;5;E
ANGIE ESPERANZA REINAGA LINO;E-503;5;E
ANGIE GUZMAN CALDERON;E-503;5;E
ANNA VICTORIA EID ENRIQUEZ;E-503;5;E
ANNETH VILLARROEL JAILLITA;E-503;5;E
ANNY LAURA BECERRA FLORES;E-503;5;E
ANTHONELA RAQUEL ARANDIA SOSA;E-503;5;E
ANTONELLA CHAO ENCINAS;E-503;5;E
ANTONELLA FLORES CHOQUE;E-503;5;E
ANTONY JONATAN HUANCA CORTEZ;E-503;5;E
ANYA SALOMON NOGALES;E-503;5;E
ANYELA ADRIANA ACAPA ARCIÉNEGA;E-503;5;E
ANYELI ROMINA FLORES SERRUDO;E-503;5;E
ANYELINA TAIS VILLEGAS RODA;E-503;5;E
ARACELY DEBBIE MOLLO RIVERA;E-503;5;E
ARELI ESTER EGUEZ TERRAZAS;E-503;5;E
ARIANA HURTADO QUEZADA;E-503;5;E
ARIANA LAURA ALVAREZ;E-503;5;E
ARIANA SOLIZ GOMEZ;E-503;5;E
ARIANA YULITH CARDOSO RAMIREZ;E-503;5;E
ARIANE PINTO TEJERINA;E-503;5;E
ARIANNE NICOL CACERES MONTERO;E-503;5;E
ARIANNE SOFIA NAVARRO CLAROS;E-503;5;E
ARIEL TANGARA APAZA;E-503;5;E
ARIELY ZHAMIRA ROMERO MORALES;E-503;5;E
ARIZA GALILEA MIRANDA FLORES;E-503;5;E
ARTURO VILLARROEL PEREZ;E-503;5;E
ASHLEY NATASHA PEÑARANDA ROCHA;E-503;5;E
AXEL DARIO IBARRA CALCINA;E-503;5;E
AYLIN NATALY MURGA ATAHUICHI;E-503;5;E
AYLINNE LILIANA CORDOVA CALIZAYA;E-503;5;E
BEISEL ROJAS CUELLAR;E-503;5;E
BELEN DESSIREE KOFFI MOLINA;E-503;5;E
BELLA MAITE RODRIGUEZ ALPIRI;E-503;5;E
BENJAMIN ASTETE VASQUEZ;E-503;5;E
BENJAMIN OSINAGA RIVERO;E-503;5;E
BERLINDA CERVANTES MENDOZA;E-503;5;E
BIANCA LORENA SEGOVIA DIVAPURI;E-503;5;E
BISMARCK SAID MENDEZ SANTANDER;E-503;5;E
BRANCO FERRUFINO BELTRÁN;E-503;5;E
BRANDON JOEL SAUCEDO MONTAÑO;E-503;5;E
BRANDON RODERICK LIMON BALDERRAMA;E-504;5;E
BRANDON SAID YAMACA BARRIENTOS;E-504;5;E
BRAYAN ALI YAMACA BARRIENTOS;E-504;5;E
BRENDA MAYA SANCHEZ CUTIPA;E-504;5;E
BRIANA CORIA LUCANA;E-504;5;E
BRIANA GEORGINA HOYOS CASTEDO;E-504;5;E
BRIANA NOGALES FIORILO;E-504;5;E
BRICIA EVELIN ROQUE ARDAYA;E-504;5;E
BRIGITH MAITTE PALENQUE CARDONA;E-504;5;E
BRUNA VEGA ROCHA;E-504;5;E
BRUNO ANDRES SOTOMAYOR TOLEDO;E-504;5;E
BRUNO EDUARDO LOPEZ SATONAKA;E-504;5;E
BYRON NECTOR RODRIGUEZ COLQUE;E-504;5;E
CALEB ISRAEL CESPEDEZ ESPINAL;E-504;5;E
CAMILA BURGOS VARGAS;E-504;5;E
CAMILA CAMACHO FLORES;E-504;5;E
CAMILA CAMACHO FLORES;E-504;5;E
CAMILA DANEL ARNEZ FERNANDEZ;E-504;5;E
CAMILA DEL PILAR MARTINEZ PACHECO;E-504;5;E
CAMILA GARCIA BARBA;E-504;5;E
CAMILA QUISPE FERNANDEZ;E-504;5;E
CAMILA RUBBY TISCO HUANCA;E-504;5;E
CAMILA VACA GONZALES;E-504;5;E
CAMILO ALVAREZ MOJICA;E-504;5;E
CARLA FABIANA BORTOLINI ORTIZ;E-504;5;E
CARLA FABIOLA VELASCO PINTO;E-504;5;E
CARLA LISSETH LAIME QUIROGA;E-504;5;E
CARLA MARIANA MORON GARCIA;E-504;5;E
CARLA NATALIA FERNANDEZ ORTIZ;E-504;5;E
CARLA PATRICIA MENDOZA ROCA;E-504;5;E
CARLOS ALBERTO GUIMARAES VARGAS;E-504;5;E
CARLOS ANDRES AYMA MARIN;E-504;5;E
CARLOS ANDRES NINA FRANCO;E-504;5;E
CARLOS CALDERON MARAÑON;E-504;5;E
CARLOS EDUARDO SOLIZ GOMEZ;E-504;5;E
CARLOS EZEQUIEL BARRIOS TORREZ;E-504;5;E
CARLOS GARCIA CRUZ;E-504;5;E
CARLOS LEONEL QUELCA FABRIC;E-504;5;E
CARLOS MISAEL RIOS CORREA;E-504;5;E
CARLOS SANTIAGO AYZALLANQUE FERNANDEZ;E-504;5;E
CARLOS SEBASTIAN CHUMACERO SANCHEZ;E-505;5;E
CARLOS THIAGO SAIBURY JIMENEZ;E-505;5;E
CARLY GABRIEL ZEGARRA CHAVEZ;E-505;5;E
CARMEN ALEJANDRA LEYTON PLAZA;E-505;5;E
CARMEN AMELIA MOLINA CARTAGENA;E-505;5;E
CARMEN HAZIEL TARIFA BRAÑEZ;E-505;5;E
CAROLINA RIOS ENRIQUEZ;E-505;5;E
CAROLINA SAAVEDRA VILLANUEVA;E-505;5;E
CATALINA ALEJANDRA TORREZ FERRUFINO;E-505;5;E
CECILIA ARCE CUAQUIRA;E-505;5;E
CECILIA JIMENA SALAZAR CUYATY;E-505;5;E
CECILIA RAFAELA BANEGAS FLORES;E-505;5;E
CELESTE SANDIBEL BAUTISTA LLANOS;E-505;5;E
CESAR JHUNIOR COSSIO CHOQUE;E-505;5;E
CESIA ISABEL ZAMORA GONZALES;E-505;5;E
CHRISTIAN EDUARDO TORRICO SEVERICHE;E-505;5;E
CHRISTIAN QUINTEROS PASTOR;E-505;5;E
CLEIDY MARIANA CUELLAR FLORES;E-505;5;E
CRISTIAN FERNANDO SANCHEZ ORTEGA;E-505;5;E
CRISTOBAL PARADA SALAZAR;E-505;5;E
DAGMA QUINTEROS PASTOR;E-505;5;E
DAIRA JULIANA PAZ ERGUETA;E-505;5;E
DAJHANNE CHAVEZ VELASQUEZ;E-505;5;E
DAMELIS CHOQUE SOLIZ;E-505;5;E
DAMIAN ROMERO AGUILERA;E-505;5;E
DANA FERNANDA SOTO ESCOBAR;E-505;5;E
DANA SOPHIA FLORES ZURITA;E-505;5;E
DANET QUIROGA PADILLA;E-505;5;E
DANIEL ALEXANDER RAMIREZ BARJA;E-505;5;E
DANIEL BUSCH CHILO;E-505;5;E
DANIEL YERAL VENTURA CATUNTA;E-505;5;E
DANIELA MAMANI MIRANDA;E-505;5;E
DANIELA MICHELLE ROCABADO CASTRO;E-505;5;E
DANIELA STEFANY BALDERRAMA VARGAS;E-505;5;E
DANNA BELEN VALDA PALZA;E-505;5;E
DANNA DABEYBA VACA FLORES;E-505;5;E
DANNA GISSELE FLORES JIMENEZ;E-505;5;E
DANNA MEDRANO GONZALES;E-505;5;E
DANNA MICHELLE FLORES DORADO;E-505;5;E
DANNA SCARLET DIEZ JUSTINIANO;E-505;5;E
DARIO ARMANDO MARTINEZ CORTEZ;E-506;5;E
DARLEN ANDREA AGUILERA PINAYA;E-506;5;E
DARLIN CHURA QUISPE;E-506;5;E
DARLING JAZMIN SEVERICHE CABRERA;E-506;5;E
DAVID OSINAGA PAREDES;E-506;5;E
DAVID QUINTANA GUTIERREZ;E-506;5;E
DAVINIA PEREZ SEVERICHE;E-506;5;E
DAVINIA ROMINA FERNANDEZ TORRICO;E-506;5;E
DAYANA NICOLE CUELLAR ARENAS;E-506;5;E
DAYIVEL BEATRIZ MICHEL YRIARTE;E-506;5;E
DEISY ORIAS ANAGUA;E-506;5;E
DIAMELA VICTORIA SERRANO AVIZA;E-506;5;E
DIANA ABIGAIL PANOZO VILLAGOMEZ;E-506;5;E
DIANA CECILIA FERRUFINO COCA;E-506;5;E
DIANA LUCERO CLAURE VILAMANI;E-506;5;E
DIANA MAEDA MAMANI;E-506;5;E
DIANDRA SALAZAR REYNAGA;E-506;5;E
DIARA LOANA ARRIAGA LOPEZ;E-506;5;E
DIEGO ALEJANDRO ORELLANOS CRUZ;E-506;5;E
DIEGO ALEJANDRO TABORGA GARCIA;E-506;5;E
DIEGO ANDRES MORALES ANTEZANA;E-506;5;E
DIEGO CAMPOS COLLAZOS;E-506;5;E
DIEGO DAVID CARDENAS CORDOVA;E-506;5;E
DIEGO FERNANDEZ VILLEGAS;E-506;5;E
DIHARA YACENDY GONGORA DOMINGUEZ;E-506;5;E
DOMINIQUE QUIROGA VILLARROEL;E-506;5;E
DOUGLAS ALAVE POLO;E-506;5;E
DULCE MARIA IGNACIO SALVADOR DE;E-506;5;E
DULCE MARIA LIMA ALARCON;E-506;5;E
DULCE NATALIA PAZ FERRUFINO;E-506;5;E
DUNIA VALERIA MULLER VALDIVIA;E-506;5;E
EDISON ISAHI GAVILANES ESCOBAR;E-506;5;E
EDSON GARCIA ANDRADE;E-506;5;E
EDUARDO RIVAS PANIAGUA;E-506;5;E
EDWARD HUACANI RODRIGUEZ;E-506;5;E
EDWARD RASHID HONOR CABALLERO;E-506;5;E
EITHAN ROBERTH MOGROVEJO FERRUFINO;E-506;5;E
ELAR SANTIAGO LANDIVAR LOPEZ;E-506;5;E
ELDA CELINA CHAVARRIA CORONADO;E-506;5;E
ELIANE FERNANDA LOBO VALVERDE;E-506;5;E
ELIANNE JIMENEZ BURGOS;E-507;5;E
ELIAS REINOSO MARIN;E-507;5;E
ELTHON YHON CUELLAR CHOQUEHUANCA;E-507;5;E
EMANUEL CARDENAS LIMPIAS;E-507;5;E
EMILIA NAGASHIRO CARDENAS;E-507;5;E
EMILY NASIRA LLANES CONDORI;E-507;5;E
EMILY SHANDEL ARAMBULO MORA;E-507;5;E
EMILY YESSENIA CHOQUE CONDORI;E-507;5;E
ENRRIQUE ADRIANO CABRERA QUIROZ;E-507;5;E
ERICK ALBEIRO CHIMBER VILLCA;E-507;5;E
ERICK GAEL ESTREMADOIRO ORTIZ;E-507;5;E
ERLAND SANTIAGO PARIS FLORES;E-507;5;E
ESTEFANIA SEVERICHE RAMIREZ;E-507;5;E
ESTER AYALA GUZMAN;E-507;5;E
ESTHER GABRIELA AZURDUY ANTONIO;E-507;5;E
ESTIVEN JESUS URDININEA VALVERDE;E-507;5;E
EUNICE ROMAN QUIROZ;E-507;5;E
EUNISSE SOLEDAD HIDALGO OROSCO;E-507;5;E
EVA LIDIA YUJRA VALERO;E-507;5;E
EVANS JORDAN REYES;E-507;5;E
EWAN QUISBERT LIJERON;E-507;5;E
EZEQUIEL BENJAMIN SULETA QUISPE;E-507;5;E
FABIANA ARIAS CHOMA;E-507;5;E
FABIANA CASTRO CORONADO;E-507;5;E
FABIANA CORONADO CASTRO;E-507;5;E
FABIANA VICTORIA TOLEDO ANDRADE;E-507;5;E
FABINA ANTEZANA MEJIA;E-507;5;E
FABIO ANGEL PABLO NINA;E-507;5;E
FABRICIO DURAN VACA;E-507;5;E
FABRICIO JOEL FERNANDEZ LOPEZ;E-507;5;E
FABRICIO SAHID PUMA TERRAZAS;E-507;5;E
FABRIZIO RIBERA AGUILERA;E-507;5;E
FERNANDA FLORES CANIZARES;E-507;5;E
FERNANDA REYES CARBALLO;E-507;5;E
FERNANDA VALVERDE CAMPOS;E-507;5;E
FERNANDO JOSE ROYUELA ROCA;E-507;5;E
FIBY GONZALES CHOQUE;E-507;5;E
FIDEL ALEXANDER CASTRO SAAVEDRA;E-507;5;E
FLAVIA ANDREA MENDIETA SILVA;E-507;5;E
FLAVIA QUINTEROS TICONA;E-507;5;E
FLAVIA VALDIVIA ALTAMIRANO;E-508;5;E
FRANCIS ARIANA GUTIERREZ CORDOVA;E-508;5;E
FRANCISCO MATIAS PARADA VENTURA;E-508;5;E
FRANCO CAERO CALLAU;E-508;5;E
FRANCO ENCINAS MONTERO;E-508;5;E
FRANCO LEONEL SEREZO AYLLON;E-508;5;E
FRANCO ZEBALLOS GUZMAN;E-508;5;E
FRANK ERNESTO VACA MENACHO;E-508;5;E
FRANZ LEONARDO APODACA ZABALA;E-508;5;E
FRANZ WIL PIZARRO BARRIOS;E-508;5;E
FREDDY ALEJANDRO BARRIENTOS CRESPO;E-508;5;E
FRIDA ROJAS GUZMAN;E-508;5;E
FROIL DEMETRIO NUÑEZ PEREZ;E-508;5;E
GABRIEL DARIO MORALES JIMENEZ;E-508;5;E
GABRIEL EDUARDO CHUMACERO SCHEIDL;E-508;5;E
GABRIEL EDUARDO HIDALGO ALARCON;E-508;5;E
GABRIEL FRANCO MEJIA;E-508;5;E
GABRIELA GARCIA GUZMAN;E-508;5;E
GABRIELA MONTERO CALZADILLA;E-508;5;E
GAEL AARON DURAN VARGAS;E-508;5;E
GARY JONAS CARI CRESPO;E-508;5;E
GENESIS MADAI CALDERON TELLEZ;E-508;5;E
GENESIS ORIANA RODRIGUEZ FLORES;E-508;5;E
GERMAN DELUKA MEDRANO PARDO;E-508;5;E
GIAN  KARLA CASTILLO TELLEZ;E-508;5;E
GISELLE INES MARTINEZ GUARACHI;E-508;5;E
GISSEL VARGAS FERNANDEZ;E-508;5;E
GISSELLE MAYTE NOVA ALMIRON;E-508;5;E
GIULIANA YAMILE CABRERA BALCAZAR;E-508;5;E
GLADYS BRUNELHA VARGAS ROMANO;E-508;5;E
GLADYS MARGARITA GATICA ROJAS;E-508;5;E
GRECIA VALERIA MARTINEZ ALANOCA;E-508;5;E
GRETHEL VALESY MONTERO NUÑEZ;E-508;5;E
GRETZEL VALDIVIA CUELLAR;E-508;5;E
GUALBERTO JONAS CARI CRESPO;E-508;5;E
GUSTAVO LUCIO QUEVEDO TEJERINA;E-508;5;E
HANNAH CLAROS SALVATIERRA;E-508;5;E
HANS FERNANDEZ SALVATIERRA;E-508;5;E
HEIDY MERIDA CRUZ;E-508;5;E
HELEN MIRTHA ATAHUICHI TUPA;E-508;5;E
HELEN XIOMARA VARGAS ACHA;E-521;5;E
HENRRI CHOQUE COPA;E-521;5;E
HENRRY GARY ASCARRUNZ MENDOZA;E-521;5;E
HIKARI PAREDES MULLER;E-521;5;E
HUGO DANIEL HURTADO GALVIS;E-521;5;E
HUGO DAVALOS ESPINOZA;E-521;5;E
HUGO ELIAS SANDOVAL PARRA;E-521;5;E
HUGO GAEL DAZA MONTIEL;E-521;5;E
HUMBERTO FLORES MENACHO;E-521;5;E
IAN OWEN RALDE COAQUIRA;E-521;5;E
ILENKA ARREDONDO JUSTINIANO;E-521;5;E
IRENE BELEN CONDORI MEJIA;E-521;5;E
ISAAC GERMAN GUARDIA FLORES;E-521;5;E
ISABEL FIGUEROA RIBERA;E-521;5;E
ISABEL PEREZ VELA;E-521;5;E
ISABELA CABRUJA NOVAKOSKI;E-521;5;E
ISABELLA ECHEGARAY JUSTINIANO;E-521;5;E
ISABELLA SAUCEDO HURTADO;E-521;5;E
ISABELLA TORREZ PECHO;E-521;5;E
ISAIAS KENDER SANSUSTE FERNANDEZ;E-521;5;E
ISAIAS MATEO QUIROZ RUEDA;E-521;5;E
ITALIA GOMEZ CANDIA;E-521;5;E
IVANA HERBAS ORTIZ;E-521;5;E
IVANNA BELEN VALVERDE RIVERA;E-521;5;E
IVER LEONARDO DOMINGUEZ SALDAÑA;E-521;5;E
IVONNE ABIGAIL LLANQUE GARCIA;E-521;5;E
IXEL ARIANA NUÑEZ PACHECO;E-521;5;E
JADE MAGNOLIA LOVERA FERNÁNDEZ;E-521;5;E
JADEL SAMIR TINTAYA MORALES;E-521;5;E
JAIME ANDRES HERNANDEZ ALBA;E-521;5;E
JAIRO MATEO HURTADO MEDINA;E-521;5;E
JANETH STHEFANIE AÑEZ CORCUY;E-521;5;E
JAROL GONZALES FERRUFINO;E-521;5;E
JASMIN BACOSTA QUISPE;E-521;5;E
JAVIER ALONSO DURAN QUIÑONES;E-521;5;E
JAVIER DAVID CHAMBI URURI;E-521;5;E
JAVIER MATTHIAS GARCIA PEREZ;E-521;5;E
JEMIMA DAISY LOPEZ CALANI;E-521;5;E
JEREMIAS LIMPIAS HERRERA;E-521;5;E
JESSEN CHAMBI VILLARREAL;E-521;5;E
JESSICA NAOMY PACHECO PARDO;E-522;5;E
JESSIKA MICAL LIMON RIOS;E-522;5;E
JESUS FERNANDO HERRERA JUSTINIANO;E-522;5;E
JESUS MAURICIO MIRANDA BARJA;E-522;5;E
JESUS NUÑEZ AVALOS;E-522;5;E
JHAIR DAVID HUANACO MARTINEZ;E-522;5;E
JHAIR NAHUM SANTANDER CARI;E-522;5;E
JHAMILE ANTONELA GUTIERREZ SULLCA;E-522;5;E
JHAYDEN JAZMIN CHINO ACAPA;E-522;5;E
JHEISON NILS CAMARAS ESTRADA;E-522;5;E
JHOAN ARMANDO GARCIA GUERRA;E-522;5;E
JHOANA ESTEFANY JAIMES CABRERA;E-522;5;E
JHOELY PORRAS VARGAS;E-522;5;E
JHON SEÑA CALAPIÑA;E-522;5;E
JHON WIDEN ESPINOZA CUAQUIRA;E-522;5;E
JHONATAN RODRIGUEZ TOMICHA;E-522;5;E
JHULIETH ROCIO ARANCIBIA ARANCIBIA;E-522;5;E
JIRO LARRAZABAL YAMASHIRO;E-522;5;E
JOADEL GOMEZ YOVIO;E-522;5;E
JOAQUIN SAMUEL MURILLO POGGI;E-522;5;E
JOEL ALPIRE ROCHA;E-522;5;E
JOEL BENJAMIN BARJAS SEGOVIA;E-522;5;E
JOEL CUELLAR MORALES;E-522;5;E
JOEL JOSUE ROQUE POLO;E-522;5;E
JOEL MAGDIEL BAMBA MAMANI;E-522;5;E
JOEL MATHIAS MOLINA MAMANI;E-522;5;E
JOHAM ALFREDO ESCOBAR CARDOZO;E-522;5;E
JOHAN JHEFERSON CHOQUE FLORES;E-522;5;E
JONATAN ALPIRE ROCHA;E-522;5;E
JORGE ANDRES HURTADO CUELLAR;E-522;5;E
JORGE ANDRES MIRANDA OSINAGA;E-522;5;E
JORGE NUÑEZ JUSTINIANO;E-522;5;E
JORGE SAMUEL ROBLES AIREYU;E-522;5;E
JOSE ADRIAN OVANDO PEREZ;E-522;5;E
JOSE ARTURO POMA MEDRANO;E-522;5;E
JOSE CARLOS GODOY SANCHEZ;E-522;5;E
JOSE DENIS CORREA YUCRA;E-522;5;E
JOSE FERNANDO ZABALA MAMANI;E-522;5;E
JOSE FRANCISCO LOZANO LEON;E-522;5;E
JOSE LEONEL CUEVAS MAYAN;E-522;5;E
JOSE LUIS CALLE CHUVI;E-523;5;E
JOSE LUIS VILLCA LLANOS;E-523;5;E
JOSE MIGUEL CUASACE MAMANI;E-523;5;E
JOSE URIEL VALVERDE TERAN;E-523;5;E
JOSE YAHIR FERRUFINO PADILLA;E-523;5;E
JOSEPH MESAC MAMANI CHURA;E-523;5;E
JOSIAS ACEBO JUSTINIANO;E-523;5;E
JOSIAS LEANDRO LAPACA DOMINGUEZ;E-523;5;E
JOSUE BENJAMIN PATICU CALZADILLA;E-523;5;E
JOSUE ISRAEL GARCIA ROQUE;E-523;5;E
JOSUE MATIAS SANDOVAL SEJAS;E-523;5;E
JOSUE POQUIVIQUI MORALES;E-523;5;E
JOSUE SAMIR QUISPE CHOQUEHUARA;E-523;5;E
JUAN CARLOS AGUIRRE DAZA;E-523;5;E
JUAN DANIEL CASTILLO HUAYRAÑA;E-523;5;E
JUAN DIEGO MIRANDA MELGAR;E-523;5;E
JUAN JAIME ARMATA HERRERA;E-523;5;E
JUAN JOSE BARRA TORRES;E-523;5;E
JUAN MIGUEL MAMANI QUISPE;E-523;5;E
JUAN PABLO VIGABRIEL ARIAS;E-523;5;E
JUAN SEBASTIAN ESPEJO OSINAGA;E-523;5;E
JULIA ESTEFANI ACOSTA OSORIO;E-523;5;E
JULIANA MARIN ESTREMADOIRO;E-523;5;E
JULIETA COCA HERBAS;E-523;5;E
JULIETA SALDAÑA MONTAÑO;E-523;5;E
JULIO CESAR MONTERO CARRASCO;E-523;5;E
JULIO ENRIQUE CALDERON GONZALES;E-523;5;E
JUNIOR ALFREDO ROJAS ALI;E-523;5;E
KAMILA AYO ALARCON;E-523;5;E
KAMILA VILLARROEL ORTIZ;E-523;5;E
KAREL XIOMARA ALVARADO FERNANDEZ;E-523;5;E
KAREN ARIANA CAZAS VIDAURRE;E-523;5;E
KAREN CESPEDES SAAVEDRA;E-523;5;E
KAREN CLAROS SILVESTRE;E-523;5;E
KAREN GIULIANNA OJEDA QUIROZ;E-523;5;E
KAREN IVANNA MURIEL FLORES;E-523;5;E
KAREN LEYDI QUITANILLA MARTINEZ;E-523;5;E
KAREN LISSETH AGUILERA MOLINA;E-523;5;E
KAREN SUSANA MARTINEZ GABRIEL;E-523;5;E
KARLA JHOANA AGUILAR TOLEDO;E-523;5;E
KATHERINE CHAVEZ CARTAGENA;E-524;5;E
KATHERINE GISSELY ESPINOZA RUIZ;E-524;5;E
KATHERINE PATRICIA LIZARAZU VARGAS;E-524;5;E
KATHERINE VEGA ROSADO;E-524;5;E
KATHIA DENKA TOLA ORDOÑEZ;E-524;5;E
KEIDY LUCERO LEON GUZMAN;E-524;5;E
KEILA MARIA REYNOLDS CAMBARA;E-524;5;E
KELLSEY ALEJANDRA MARTINEZ GARNICA;E-524;5;E
KELLY RAQUEL MARTINEZ PINAYA;E-524;5;E
KELLY YAREMKA PADILLA GUMUCIO;E-524;5;E
KELSY FABIANA SOLETO GARCIA;E-524;5;E
KENDY SOFIA BORDA JIMENEZ;E-524;5;E
KEVIN ABEL CHOQUE FLORES;E-524;5;E
KEVIN DAVID LLIULLI VALDA;E-524;5;E
KEVIN GONZALES YAVE;E-524;5;E
KEVIN WILLIAMS FUENTES ROJAS;E-524;5;E
KEYRA RENGEL BRUCELA;E-524;5;E
KIARA FLORIANA PORTALES SERNA;E-524;5;E
KIARA LIJERON RUEDA;E-524;5;E
KIHARA MICAELA TERRAZAS CASTAÑETA;E-524;5;E
KYRA CAROLINA LUCAS MARTINEZ;E-524;5;E
LEANDRO MOY CHAVEZ;E-524;5;E
LEONARDO FARFAN ZAPATA;E-524;5;E
LEONARDO FAVIO CRUZ PEREZ;E-524;5;E
LEONARDO FLORES ROA;E-524;5;E
LEONARDO GABRIEL GALVIS PEÑA;E-524;5;E
LEONARDO MARTIN ESCOBAR MORENO;E-524;5;E
LEONARDO RAFAEL AGUILAR TERCEROS;E-524;5;E
LEONEL ANDRES FERNANDEZ GALLARDO;E-524;5;E
LEONEL EFREN ROJAS CHIRICO;E-524;5;E
LIA AGUILAR PALACIOS;E-524;5;E
LIAM ALMARAS CARRILLO;E-524;5;E
LIMARY MEDINA VACA;E-524;5;E
LIMBERG GADIEL VACA AVILA;E-524;5;E
LIONEL MAURUS CAMACHO MALDONADO;E-524;5;E
LISBETH ROSARIO BARRERA FLORES;E-524;5;E
LITA TIZIANA LEON PEÑA;E-524;5;E
LITZI YASHIRA RICO CESPEDES;E-524;5;E
LIZ MAYA ZURITA TORREZ;E-524;5;E
LIZETH CAROLINA MOLLO MOGA;E-524;5;E
LORENA OCHAGAVIA GUTIERREZ;E-525;5;E
LUANA ARAMBULO GUTIERREZ;E-525;5;E
LUANDA VILLARROEL JUSTINIANO;E-525;5;E
LUCAS CADARIO MERCADO;E-525;5;E
LUCAS GABRIEL SOTO GARECA;E-525;5;E
LUCAS JOSUE BARJA MAMANI;E-525;5;E
LUCAS MORALES BARBERY;E-525;5;E
LUCAS PACHECO DOMINGUEZ;E-525;5;E
LUCIA CAMILA VARGAS LA FUENTE;E-525;5;E
LUCIA ELVIRA CASTEDO MONTAÑO;E-525;5;E
LUCIA VALERIA CORONADO SIFUENTES;E-525;5;E
LUCIA VARGAS TALAVERA;E-525;5;E
LUCIANA AÑEZ NAZRALA;E-525;5;E
LUCIANA GUTIERREZ VEGA;E-525;5;E
LUCIANA ISABELLA ALBERTI MONTERO;E-525;5;E
LUCIANA MASSIEL JURADO RODRIGUEZ;E-525;5;E
LUCIANA PEREZ CHAVEZ;E-525;5;E
LUCIANA ROCA ÑANDAUCA;E-525;5;E
LUCIANA SEAS GUERRERO;E-525;5;E
LUCIANA ZURITA MALDONADO;E-525;5;E
LUCIANE MONTERO TANGARA;E-525;5;E
LUCIANE NADIA YUJRA GUACHALLA;E-525;5;E
LUCIO ALFREDO SALVATIERRA ZELADA;E-525;5;E
LUCY GABRIELA VILLCA LEON;E-525;5;E
LUIGGI RODRIGUEZ CHAVEZ;E-525;5;E
LUIS ALEJANDRO VACA SALVATIERRA;E-525;5;E
LUIS ANGEL VEIZAGA VARGAS;E-525;5;E
LUIS DANIEL PACHECO LOAIZA;E-525;5;E
LUIS ERNESTO ALDUNATE ABURDENE;E-525;5;E
LUIS FABIANO VELASCO ALVARADO;E-525;5;E
LUIS MAICOL CABRERA CASANOVA;E-525;5;E
LUIS SEBASTIAN ANDRADE MENDEZ;E-525;5;E
LUIS VELASQUEZ MOSTACEDO;E-525;5;E
LUISA LHENNA AGUILERA ROCABADO;E-525;5;E
LUZ BELEN VIRGO CARREÑO;E-525;5;E
LUZ CAMILA CAYO CABALLERO;E-525;5;E
LUZ CLARITA VALDA CORONADO;E-525;5;E
LUZ HELEN MAYTA MAMANI;E-526;5;E
LUZ MERY QUEMAYA ZURITA;E-526;5;E
LUZ MILENKA SERRUDO AUCACHI;E-526;5;E
MACIEL CHOQUE OCAMPO;E-526;5;E
MADAI DAZA ENCINAS;E-526;5;E
MADERLA FLORES SUBIRANA;E-526;5;E
MAILY ANDREA ALVAREZ MIRANDA;E-526;5;E
MAITE GABRIELA OSINAGA PENAS;E-526;5;E
MAITE HEFZIBA VELASQUEZ VILLARROEL;E-526;5;E
MAITE YISSEL RIVERA VARGAS;E-526;5;E
MAITHE FABIOLA GUTIERREZ ROMERO;E-526;5;E
MAITTE KATHIA MICHEL VALLEJOS;E-526;5;E
MALANIE MONASTERIO CESPEDES;E-526;5;E
MANUEL FRANCISCO LINO SEVERICHE;E-526;5;E
MANUEL RAMSES MAMANI MORALES;E-526;5;E
MARCIA JANICE CORONADO OÑA;E-526;5;E
MARCO ANTONIO CARRASCO TERCEROS;E-526;5;E
MARCO GARCIA MOSCOSO;E-526;5;E
MARCO VEGA CASTRO;E-526;5;E
MARGARITA DEL CARMEN PAZ TALAVERA;E-526;5;E
MARIA BELEN GONGORA ZARATE;E-526;5;E
MARIA BELEN VARGAS GALVIS;E-526;5;E
MARIA CELESTE LAIME MAYSER;E-526;5;E
MARIA CELESTE PADILLA BURGOS;E-526;5;E
MARIA DE LOS ANGELES RODRIGUEZ TORO;E-526;5;E
MARIA DEL CARMEN PALENQUE CRUZ;E-526;5;E
MARIA DEL PILAR ROMERO ESCALERA;E-526;5;E
MARIA FERNANDA MEDINA BARRIOS;E-526;5;E
MARIA FERNANDA PEREYRA BURGOA;E-526;5;E
MARIA GABRIELA CRESPO ZAMBRANA;E-526;5;E
MARIA ISABEL GUZMAN HURTADO;E-526;5;E
MARIA ISABEL PAREDES VELEZ;E-526;5;E
MARIA JOSE CARRANZA CUELLAR;E-526;5;E
MARIA JOSE CARRASCO MAITA;E-526;5;E
MARIA JOSE MONTES MURILLO;E-526;5;E
MARIA JOSE PANOZO BEJARANO;E-527;5;E
MARIA LUNA PERALES RODRIGUEZ;E-527;5;E
MARIA RENE PADILLA DURAN;E-527;5;E
MARIA RENE YESKE SANCHEZ;E-527;5;E
MARIA RENEE LOAYZA VALVERDE;E-527;5;E
MARIA TERESA TABOADA MORALES;E-527;5;E
MARIA VICTORIA BALDOMAR SUAREZ;E-527;5;E
MARIA VICTORIA MONTAÑO SUAREZ;E-527;5;E
MARIANA AGUIRRE ARANDIA;E-527;5;E
MARIANA BERNABE HERRERA;E-527;5;E
MARIANA CORONADO CASTRO;E-527;5;E
MARIELA ALEXANDRA PEREZ CAMPOS;E-527;5;E
MARILIA LEONOR VELASQUEZ BARJA;E-527;5;E
MARILUZ YORJELI COAQUIRA FLORES;E-527;5;E
MARINEL VILLAGOMEZ MAMANI;E-527;5;E
MARIOLY NICOLY QUISPE ALVARADO;E-527;5;E
MARY ANGELES CABRERA HOYOS;E-527;5;E
MARY LIZZIE OLMEDO RAMOS;E-527;5;E
MARY LUDY AVILA ROJAS;E-527;5;E
MARYAN ALEJANDRA OROZCO BLANCO;E-527;5;E
MASIEL AVARIEGA CHAVEZ;E-527;5;E
MATEO ARDAYA SALVATIERRA;E-527;5;E
MATEO COLQUE VELASQUEZ;E-527;5;E
MATEO GABRIEL PEREZ PADILLA;E-527;5;E
MATEO MENA SOLIZ;E-527;5;E
MATEO MOLINA CUBA;E-527;5;E
MATEO NERY FERRUFINO;E-527;5;E
MATEO NUÑEZ VARGAS;E-527;5;E
MATEO SANTIAGO ARTEAGA PEREZ;E-527;5;E
MATEO SOLIZ AVENDAÑO;E-527;5;E
MATHIAS COIMBRA CABRERA;E-527;5;E
MATIAS ARIEL CARDONA PEDUCASSE;E-527;5;E
MATIAS ARTURO MEJIA ESCUDERO;E-527;5;E
MATIAS BRUNO GUTIERREZ ALVARADO;E-527;5;E
MATIAS COLINA MORALES;E-527;5;E
MATIAS EMANUEL PITA MOLINA;E-527;5;E
MATIAS JUSTINIANO PERALTA;E-527;5;E
MATIAS MALDONADO AGUILAR;E-527;5;E
MATIAS TEJERINA CAMACHO;E-528;5;E
MAURICIO CUELLAR TORREZ;E-528;5;E
MAXIMILIANO DAKIN VASQUEZ;E-528;5;E
MAYA CABRERA TARQUINO;E-528;5;E
MAYORLY HAEL TARIFA MEDINA;E-528;5;E
MAYTE MARIANA CRUZ MONTERO;E-528;5;E
MAYTHE RIBERA MENDEZ;E-528;5;E
MEL YURY BAUTISTA BALDELOMAR;E-528;5;E
MELINDA BARBA SALDAÑA;E-528;5;E
MELISSA COLODRO ESCALANTE;E-528;5;E
MERLIN GISELLE ALCEIS VACA;E-528;5;E
MIA VALENTINA TOLEDO ANTELO;E-528;5;E
MICAELA CRISTINA HERBAS GONZALES;E-528;5;E
MICAELA NAZARET JUSTINIANO LOAYZA;E-528;5;E
MIGUEL ANGEL LIMON DAZA;E-528;5;E
MIGUEL FLORES GUTIERREZ;E-528;5;E
MIGUEL IVAN HERBAS ORTIZ;E-528;5;E
MIHAEL ADRIAZOLA VALDIVIEZO;E-528;5;E
MIKAELA ROSARIO SOSA PEÑA;E-528;5;E
MIKEL ANGELO TORRICO MONTOYA;E-528;5;E
MILAGROS NATHALY CONDORI MAMANI;E-528;5;E
MINDY CHAVEZ VARGAS;E-528;5;E
MISAEL ELIAS COLQUE QUISPE;E-528;5;E
MISAEL VALDIVIA FUENTES;E-528;5;E
MOISES GUSTAVO GORDILLO CRESPO;E-528;5;E
MOISES MERCADO SAUCEDO;E-528;5;E
MONICA YANA VALVERDE;E-528;5;E
MONTSERRAT VARGAS QUISPE;E-528;5;E
MYLEN TARQUI CHINCHE;E-528;5;E
NADIA LUCIA VEIZAGA LLORENTY;E-528;5;E
NADIA SOFIA VARGAS MATURANA;E-528;5;E
NAGIB VARGAS SERRANO;E-528;5;E
NAHIR ALEJANDRA GUZMAN RIVERO;E-528;5;E
NAIM FELIPE RIVERO OCAMPO;E-528;5;E
NATALIA MOLINA PONCE;E-528;5;E
NATALIA MONTAÑO ROCA;E-528;5;E
NATALIA RADA PAREDES;E-528;5;E
NATHALIA RIVERO RIBERA;E-528;5;E
NAYIVE ELIENE RIVERO OLIVA;E-528;5;E
NEELS ANDERSON ALGARAÑAZ CHOQUE;E-528;5;E
NESTOR ANDRES CARDENAS VARGAS;E-529;5;E
NICOLAS CABRAL SERRANO;E-529;5;E
NICOLAS DEREK CRONEMBOLD ROJAS;E-529;5;E
NICOLAS EDUARDO AGUILERA TORREZ;E-529;5;E
NICOLAS EMILIANO EGUIVAR PINTO;E-529;5;E
NICOLAS FERNANDO TAPIA NINA;E-529;5;E
NICOLAS MEDINA CABRERA;E-529;5;E
NICOLAS SUAREZ RODA;E-529;5;E
NICOLE FABIOLA SANCHEZ VACA;E-529;5;E
NIURKA HEIDI MALALE NUNI;E-529;5;E
NIURKA SALDAÑA MELGAR;E-529;5;E
NOELIA BANEGAS SALAZAR;E-529;5;E
NOELIA SIMONE PAREDES BELLIDO;E-529;5;E
NOEMI NAOMI LOPEZ FLORES;E-529;5;E
NORAH SOFIA RIOS VIDAL;E-529;5;E
NURIA GERALDINE QUISPE QUISPE;E-529;5;E
NURIA LUCIA BORDA MUÑOZ;E-529;5;E
NURIEL JORDAN QUISBERT;E-529;5;E
OLIVER MATEO SALAZAR RUIZ;E-529;5;E
OLIVIA CORONADO CESPEDES;E-529;5;E
ORIANA FIORELLA SANDOVAL BANEGAS;E-529;5;E
ORIANA IBAÑEZ QUINTELA;E-529;5;E
ORIANA MICHELLE PARADA CALDERON;E-529;5;E
PABLO ANDRES JUSTINIANO RODRIGUEZ;E-529;5;E
PABLO DANIEL LOPEZ CUELLAR;E-529;5;E
PABLO DANIEL PANIAGUA FAREL;E-529;5;E
PAOLA ADRIANA MORENO CORDOVA;E-529;5;E
PAUL DIEGO DIEZ SANDOVAL;E-529;5;E
PAULA ANDREA ARAUZ PEREZ;E-529;5;E
PAULA MASAI SERRANO;E-529;5;E
PAULA SARMIENTO VARGAS;E-529;5;E
QUEREN HAPUC JUSTINIANO SUAREZ;E-529;5;E
RAECHELL BELEN BARRIENTOS ZARATE;E-529;5;E
RAFAEL CALDERON APONTE;E-529;5;E
RAFAEL FERNANDO COLQUE FERNANDEZ;E-529;5;E
RAFAEL PEREZ QUIROGA;E-529;5;E
RAFAELA RAMIREZ VALLEJOS;E-529;5;E
RAMIRO SADIEL CONDORI PARI;E-529;5;E
RAQUEL CORONADO MENDEZ;E-529;5;E
RAQUEL VALENCIA SOTO;E-529;5;E
RAUL ESCALANTE TOUCHARD;E-602;6;E
RAUL FEDERICO MUSSINI VERA;E-602;6;E
RAUL JOHADEL BRETON YAPACO;E-602;6;E
REBECA AURORA ORTEGA ESCALANTE;E-602;6;E
REBECA AVANY DOS SANTOS CHAVEZ;E-602;6;E
REBECA MENDOZA AVALOS;E-602;6;E
REGINA VELEZ CALVENTE;E-602;6;E
RENZO ARTURO VELASQUEZ CAMPOS;E-602;6;E
RICARDO ANDRE VERDUGUEZ JUSTINIANO;E-602;6;E
RICARDO ROY RIVERA CABALLERO;E-602;6;E
RIHANNA MENACHO ALVAREZ;E-602;6;E
RIHANNA THAIS RIBERA VARGAS;E-602;6;E
RIMBERT YOADEL RIVAS RIOS;E-602;6;E
ROBERTH LUIS GUTIERREZ LOPEZ;E-602;6;E
ROBERTO ALEXIS SOTELO RAMALLO;E-602;6;E
RODRIGO CHORE URIONA;E-602;6;E
RODRIGO MICHEL LANDIVAR ACHA;E-602;6;E
ROLANDO ANDRES FRANCO MONTOYA;E-602;6;E
RONALD ARTEAGA MACIAS;E-602;6;E
ROSA YUVITH SAAVEDRA FERNANDEZ;E-602;6;E
ROSSELINI DAVALOS PAZ;E-602;6;E
ROUSS NICOLE CUSSI YUGAR;E-602;6;E
ROY JUNIOR NINA GALINDO;E-602;6;E
RUBEN DARIO RIVERO OSINAGA;E-602;6;E
RUDI EDISON VARGAS SOSA;E-602;6;E
RUTH BELEN RIVERA VEIZAGA;E-602;6;E
SAHIRA ALICE VIDAL UREÑA;E-602;6;E
SALOME RODRIGUEZ MENDOZA;E-602;6;E
SALOMON CARDENAS LIMPIAS;E-602;6;E
SALVADOR MARTIN CRISPIN LASERNA;E-602;6;E
SAMIA ANAS ORSINI;E-602;6;E
SAMIA SOPHIA JIMENEZ PEDRAZA;E-602;6;E
SAMIRA BELEN BURGOS YAVETA;E-602;6;E
SAMUEL AARON ROMERO ROCA;E-602;6;E
SAMUEL FLORES SERRUDO;E-602;6;E
SAMUEL SIFUENTES BAURORO;E-603;6;E
SANDIBEL ROJAS CABRERA;E-603;6;E
SANTIAGO GHETTI CATALA;E-603;6;E
SANTIAGO HURTADO ARTEAGA;E-603;6;E
SANTIAGO HURTADO PORCEL;E-603;6;E
SANTIAGO SAHONERO RIPALDA;E-603;6;E
SANTIAGO SALAZAR ANTELO;E-603;6;E
SANTIAGO VARGAS ALCON;E-603;6;E
SANTIAGO VARGAS BOYAN;E-603;6;E
SANTIAGO WILLY PAUCARA LLANOS;E-603;6;E
SARA VALENTINA MARTINEZ SALAZAR;E-603;6;E
SARA YULIANA HERRERA CALLAU;E-603;6;E
SARAH MARIA VERA RUIZ;E-603;6;E
SARAHI GERALDINE FERNANDEZ QUISPE;E-603;6;E
SARAI BILBAO LA VIEJA SEJAS;E-603;6;E
SARAI CAMPOS GARCIA;E-603;6;E
SARAI HERRERA AVILA;E-603;6;E
SARAI VILLALTA VILLALBA;E-603;6;E
SAUL AJATA VACA;E-603;6;E
SAUL SAGREDO CESPEDES;E-603;6;E
SAYURI LUCIA FUJIMOTO CORREA;E-603;6;E
SCARLEN MAITE MARISCAL MALLON;E-603;6;E
SCHASCHENK SERRANO GUZMAN;E-603;6;E
SEBASTIAN ELIAS MALDONADO;E-603;6;E
SEBASTIAN HILDO SARABIA PEREDO;E-603;6;E
SEBASTIAN LISCHTERNAHUER VACA;E-603;6;E
SEBASTIAN SAAVEDRA TAPIA;E-603;6;E
SHARICK SANABRIA BAZAN;E-603;6;E
SHARON BRIGET CABALLERO ZURITA;E-603;6;E
SHEILA MERISHELL MENDOZA BORDA;E-603;6;E
SHEILA RUBI CONDORI COLQUE;E-603;6;E
SHIRLEY REYSHELL QUIROZ GARCIA;E-603;6;E
SILVIA ARACELY MAMANI RODRIGUEZ;E-603;6;E
SILVIA ISABELLA URGEL DURAN;E-603;6;E
SILVIO ANDRES SANCHEZ CONDORI;E-603;6;E
SOFIA ANDREA VEIZAGA BISMARCK;E-603;6;E
SOFIA ANTELO VARGAS;E-603;6;E
SOFIA CHUMACERO VALDIVIA;E-603;6;E
SOFIA CUELLAR CASTRO;E-603;6;E
SOFIA MERCEDES PEREZ SORIA;E-603;6;E
SOFIA NOEMI RIOS TORRES;E-604;6;E
SOFIA PANIAGUA ZEBALLOS;E-604;6;E
SOFIA RIBERA CORDOVA;E-604;6;E
SOFIA VICTORIA LOPEZ ZABALA;E-604;6;E
SOLANGE QUINTANA MELCHOR;E-604;6;E
STEFANO TORRICO FERNANDEZ;E-604;6;E
STEPHANIE CRUZ AÑEZ;E-604;6;E
SUEMY SOFIA CHAVEZ SALAZAR;E-604;6;E
SUMIE JITTO CLAROS;E-604;6;E
SUSANA MALAQUÍAS PACO RAMOS;E-604;6;E
TADEO GARCIA RIVERO;E-604;6;E
TATIANA GRISEL ORELLANA DULON;E-604;6;E
TATIANA JASMIN GARCIA CHOQUENAIRA;E-604;6;E
TATIANA PACHECO SAIBURY;E-604;6;E
TATIANA SALOME SOLIZ VEGA;E-604;6;E
TATIANA SUSSY CONDORI QUISPE;E-604;6;E
THAIS ARANO RODRIGUEZ;E-604;6;E
THIAGO JOAO VACA SALCE;E-604;6;E
THIAGO VINICIO ARANA SHELEMEN;E-604;6;E
TIARA ARANO RODRIGUEZ;E-604;6;E
VALENTINA JAEL DAZA CRESPO;E-604;6;E
VALENTINA JIMENEZ ROJAS;E-604;6;E
VALENTINA JUSTINIANO MONTIEL;E-604;6;E
VALENTINA KAMILA GARECA CAMACHO;E-604;6;E
VALENTINA LISBETH ERGUETA ENDARA;E-604;6;E
VALENTINA LLANOS LARA;E-604;6;E
VALENTINA SEAS RIVERA;E-604;6;E
VALERIA ARDAYA FRIAS;E-604;6;E
VALERIA BALCAZAR GUTIERREZ;E-604;6;E
VALERIA CALZADILLA MERCADO;E-604;6;E
VALERIA ELISABETH VACA NACIMIENTO;E-604;6;E
VALERIA PAYARES HURTADO;E-604;6;E
VALERIA POL ARAMAYO;E-604;6;E
VALERIA SOPHIA QUIROGA RIVERO;E-604;6;E
VALERIA TAIS CASTRO LANZA;E-604;6;E
VALERIA TARABILLO ARDAYA;E-605;6;E
VALERIA TORREZ MARAÑON;E-605;6;E
VALERIA VILL VASQUEZ;E-605;6;E
VALERIA YADINA ZURITA PEÑA;E-605;6;E
VANESSA SCARLET SIVILA BOZA;E-605;6;E
VANIA NICOLE GUZMAN MAMANI;E-605;6;E
VERONICA CRUZ PARDO;E-605;6;E
VICTORIA HINOJOSA ALGARAÑAZ;E-605;6;E
VICTORIA REICHELH PEÑA GARCIA;E-605;6;E
VIRGINIA EDITH CORTEZ HEREDIA;E-605;6;E
VIVIAN ANTONELA ROCA VACA;E-605;6;E
VIVIAN MARINE ESCALERA GONZALES;E-605;6;E
VIVIAN NAYAZIR YARAITE AYALA LOPEZ;E-605;6;E
VIVIAN TAIZ MAYORGA VARGAS;E-605;6;E
VIVIANA CABALLERO CONTRERAS;E-605;6;E
WARA BELEN GUZMAN RAMOS;E-605;6;E
WARA CABRERA TARQUINO;E-605;6;E
WEIMAR YAVI SUAREZ;E-605;6;E
WILFREDO DANIEL DELGADO SANABRIA;E-605;6;E
WILLIANS LUIS BALDELOMAR CALDERON;E-605;6;E
XIMENA SANDOVAL BECERRA;E-605;6;E
XIMENA VILLAGOMEZ BARBA;E-605;6;E
XIOMARA SALAS QUIROZ;E-605;6;E
YADLEY FLORES QUIROGA;E-605;6;E
YAMILE ARIANA MARQUEZ USTAREZ;E-605;6;E
YANINA BELEN GABRIEL ARICOMA;E-605;6;E
YANINA MOLINA  ORELLANA;E-605;6;E
YANINE HERRERA QUIROZ;E-605;6;E
YANIRA MARIA RAMOS CHOQUE;E-605;6;E
YARA SCHERLYN ACHA TIRADO;E-605;6;E
YENNY BALLEJOS ROSADO;E-605;6;E
YENNY YENNELY MONTAÑO ORTIZ;E-605;6;E
YESSICA CALIZAYA AGREDA;E-605;6;E
YESSICA ESPINOZA FLORES;E-605;6;E
YHUANN SKARLET DURAN AGUILAR;E-605;6;E
YISEL ROCHA VIVANCO;E-606;6;E
YISHU MICHELLE CEREZO MAMANI;E-606;6;E
YOHADEL IGNACIO QUISPE VARGAS;E-606;6;E
YULY VALESSY CRESPO LOPEZ;E-606;6;E
ZAHIRA LUANA CASSIS URGEL;E-606;6;E
ZAYDA ARENAS PEÑARANDA;E-606;6;E
ZECINHO ANDRES BISPO BANEGAS;E-606;6;E
ZIZA FLORYANA ANTUANETTE LOPEZ ZOTO;E-606;6;E
ZOELY HURTADO CASTEDO;E-606;6;E
