NOMBRE ;C.I;AULA
AARON FREDDY CRUZ TANCARA;13306797;E-501
AARON JESUS FERRUFINO CARDENAS;11334992;E-501
AARON MONTERO ZABALA;13710511;E-501
AARON RAMSSES MALLEA FERNANDEZ;14871745;E-501
ABIGAIL AGUANTA PALACIOS;13702192;E-501
ABIGAIL ARANCIBIA PEÑARANDA;14247702;E-501
ABIGAIL ARANIBAR CALLAPA;9642914;E-501
ABIGAIL HURTADO VACA;13702142;E-501
ABIGAIL NAOMI MAGNE ALCOBA;15275021;E-501
ABIGAIL REINOSO MARIN;13081595;E-501
ABIGAIL TORRICO TORRICO;14869952;E-501
ABIMAEL FABRICIO SALAS VACA;14353114;E-501
ABRIL SIMONE FERNANDEZ MAMANI;12863959;E-501
ABRIL VALERIA CLAURE RIVERO;12729730;E-501
ADRIANA BELEN LIMACHI BRAVO;11337591;E-501
ADRIANA ESCALERA LOPEZ;14771735;E-501
ADRIANA MORALES RAMIREZ;14053525;E-501
ADRIANA SOFIA RIVERA AZEÑAS;13832433;E-501
AIDA INES CASPARY MONASTERIO;10991205;E-501
ALAIN FAREL AGUADO;13705553;E-501
ALBA ANDREA VELASQUEZ CARDENAS;12916928;E-501
ALBA RUTH TORREZ OLMOS;12354632;E-501
ALBERTO AGUILERA MENACHO;12632477;E-501
ALDRIN DELGADILLO LINO;13398884;E-501
ALEJANDRA GUACAMA CAYO;15323223;E-501
ALEJANDRA MAIA CASTILLO JORA;13490811;E-501
ALEJANDRA ROCA KONSTANTINOVAS;9800217;E-501
ALESSANDRA ALFARO URGEL;13110619;E-501
ALEX MATEO VIGABRIEL PATZI;9818460;E-501
ALEXA CORONADO VELASCO;13300867;E-501
ALEXANDER ISRAEL IBAÑEZ CONDORI;14971379;E-501
ALEXANDRA PELAEZ AGUILAR;8483128;E-501
ALEXANDRA SANDOVAL GOITIA;16921446;E-501
ALEXANDRE SALVATIERRA RIBERA;13613149;E-501
ALEXIA LUNA CHOCAMANI;16339954;E-501
ALEXIS ANDRE SAAVEDRA MORENO;11392905;E-501
ALISON PILAR PRADO CANAZA;14872839;E-501
ALISON SARIATH GUTIERREZ CUELLAR;14472825;E-501
ALISON YANINE VERA PEDRAZA;11358827;E-501
ALISSON FERNANDA NAVA AMUSQUIVAR;14032432;E-501
ALISSON MYA ARDAYA GONZALES;9795096;E-502
ALISSON NATALIA ARUQUIPA ALVAREZ;13972294;E-502
ALLISON ADRIANE DE LOS RIOS MOYE;15004261;E-502
ALVARO JOSUE ALVAREZ BARRON;13613150;E-502
ANA BEATRIZ CRESPO ROJAS;12859205;E-502
ANA ESTHER OJEDA VARGAS;16814432;E-502
ANA LIBNY ROCHA MORALES;14994416;E-502
ANABEL GUADALUPE SOLIS GALARZA;14724287;E-502
ANAHI SOLIZ SAUCEDO;13501099;E-502
ANALIA BELEN MORALES GIL;12884680;E-502
ANALIA ROCA AÑEZ;9665918;E-502
ANDER YHIN ROCABADO ROJAS;13364901;E-502
ANDERSON CAÑARI LAURA;12948686;E-502
ANDERSON ROMERO ARAUZ;16804298;E-502
ANDERSON WILBER RUIZ CORTEZ;16292306;E-502
ANDREA ARDAYA JUSTINIANO;9759853;E-502
ANDREA DANITZA DURAN CALLIZAYA;12447619;E-502
ANDREA MONSERRAT MIRANDA ARZABE;13428934;E-502
ANDREA NATALIA SUAREZ AGUILERA;13973296;E-502
ANDREA NICOLE CUELLAR DENEULIN;9601644;E-502
ANDREA TORREBLANCA VARGAS;14468427;E-502
ANDREI ALANIZ BLAY;13141105;E-502
ANDRES ALEJANDRO VARGAS DELGADILLO;14932414;E-502
ANDRES CUELLAR RIVERO;14689082;E-502
ANDRES FABRICIO SILVA CALLE;12697914;E-502
ANDRES PONTON VILLARROEL;13537380;E-502
ANDRES SLAE FERNANDEZ GARCIA;15544281;E-502
ANELISSE RODRIGUEZ MIRANDA;13776662;E-502
ANELISSE SERDIO SALVATIERRA;11385977;E-502
ANGEL AARON CAMBARA CARDOZO;15493749;E-502
ANGEL JAZIEL SEGUNDO TORRICO;13428337;E-502
ANGEL RICARDO URQUIZA MENDEZ;16793841;E-502
ANGEL SEBASTIAN ROCHA BENITEZ;13979522;E-502
ANGELA DANIELA FARELL LANGUIDEY;15946221;E-502
ANGELA JAZMIN PARDO CUELLAR;9834804;E-502
ANGELA MIKAELA PINO SOLANO;12721073;E-502
ANGELA VALERIA VEGA ARTEAGA;13146181;E-502
ANGELES KAROL TILILA GUZMAN;14030204;E-502
ANGELICA NICOL DAZA CORONADO;12791482;E-502
ANGELINA BENAVIDES ALVAREZ;12890567;E-502
ANGIE ESPERANZA REINAGA LINO;13396870;E-503
ANGIE GUZMAN CALDERON;13831536;E-503
ANNA VICTORIA EID ENRIQUEZ;11323626;E-503
ANNETH VILLARROEL JAILLITA;12478706;E-503
ANNY LAURA BECERRA FLORES;13779570;E-503
ANTHONELA RAQUEL ARANDIA SOSA;13209847;E-503
ANTONELLA CHAO ENCINAS;12697379;E-503
ANTONELLA FLORES CHOQUE;12949008;E-503
ANTONY JONATAN HUANCA CORTEZ;16278138;E-503
ANYA SALOMON NOGALES;13428515;E-503
ANYELA ADRIANA ACAPA ARCIÉNEGA;12418445;E-503
ANYELI ROMINA FLORES SERRUDO;12418199;E-503
ANYELINA TAIS VILLEGAS RODA;13710123;E-503
ARACELY DEBBIE MOLLO RIVERA;14412575;E-503
ARELI ESTER EGUEZ TERRAZAS;9853677;E-503
ARIANA HURTADO QUEZADA;9590644;E-503
ARIANA LAURA ALVAREZ;12735139;E-503
ARIANA SOLIZ GOMEZ;9807959;E-503
ARIANA YULITH CARDOSO RAMIREZ;14723289;E-503
ARIANE PINTO TEJERINA;12952566;E-503
ARIANNE NICOL CACERES MONTERO;14773195;E-503
ARIANNE SOFIA NAVARRO CLAROS;13701747;E-503
ARIEL TANGARA APAZA;17053750;E-503
ARIELY ZHAMIRA ROMERO MORALES;13613692;E-503
ARIZA GALILEA MIRANDA FLORES;12414953;E-503
ARTURO VILLARROEL PEREZ;13544523;E-503
ASHLEY NATASHA PEÑARANDA ROCHA;12598734;E-503
AXEL DARIO IBARRA CALCINA;13429207;E-503
AYLIN NATALY MURGA ATAHUICHI;14011563;E-503
AYLINNE LILIANA CORDOVA CALIZAYA;14622070;E-503
BEISEL ROJAS CUELLAR;14728392;E-503
BELEN DESSIREE KOFFI MOLINA;13743566;E-503
BELLA MAITE RODRIGUEZ ALPIRI;14140503;E-503
BENJAMIN ASTETE VASQUEZ;12500941;E-503
BENJAMIN OSINAGA RIVERO;14725517;E-503
BERLINDA CERVANTES MENDOZA;14992076;E-503
BIANCA LORENA SEGOVIA DIVAPURI;13080981;E-503
BISMARCK SAID MENDEZ SANTANDER;11400334;E-503
BRANCO FERRUFINO BELTRÁN;11398193;E-503
BRANDON JOEL SAUCEDO MONTAÑO;9749514;E-503
BRANDON RODERICK LIMON BALDERRAMA;14256084;E-504
BRANDON SAID YAMACA BARRIENTOS;12694514;E-504
BRAYAN ALI YAMACA BARRIENTOS;12695488;E-504
BRENDA MAYA SANCHEZ CUTIPA;12697190;E-504
BRIANA CORIA LUCANA;13981628;E-504
BRIANA GEORGINA HOYOS CASTEDO;14657166;E-504
BRIANA NOGALES FIORILO;10920511;E-504
BRICIA EVELIN ROQUE ARDAYA;14323964;E-504
BRIGITH MAITTE PALENQUE CARDONA;9815115;E-504
BRUNA VEGA ROCHA;12858435;E-504
BRUNO ANDRES SOTOMAYOR TOLEDO;13702184;E-504
BRUNO EDUARDO LOPEZ SATONAKA;13776891;E-504
BYRON NECTOR RODRIGUEZ COLQUE;13707980;E-504
CALEB ISRAEL CESPEDEZ ESPINAL;12564967;E-504
CAMILA BURGOS VARGAS;15143634;E-504
CAMILA CAMACHO FLORES;12857267;E-504
CAMILA CAMACHO FLORES;13500693;E-504
CAMILA DANEL ARNEZ FERNANDEZ;12417954;E-504
CAMILA DEL PILAR MARTINEZ PACHECO;11394041;E-504
CAMILA GARCIA BARBA;12697346;E-504
CAMILA QUISPE FERNANDEZ;16754115;E-504
CAMILA RUBBY TISCO HUANCA;13942713;E-504
CAMILA VACA GONZALES;12729833;E-504
CAMILO ALVAREZ MOJICA;12629423;E-504
CARLA FABIANA BORTOLINI ORTIZ;13698411;E-504
CARLA FABIOLA VELASCO PINTO;13635817;E-504
CARLA LISSETH LAIME QUIROGA;13998624;E-504
CARLA MARIANA MORON GARCIA;13704877;E-504
CARLA NATALIA FERNANDEZ ORTIZ;12923366;E-504
CARLA PATRICIA MENDOZA ROCA;13434582;E-504
CARLOS ALBERTO GUIMARAES VARGAS;14690249;E-504
CARLOS ANDRES AYMA MARIN;14456848;E-504
CARLOS ANDRES NINA FRANCO;14655611;E-504
CARLOS CALDERON MARAÑON;13981761;E-504
CARLOS EDUARDO SOLIZ GOMEZ;14048664;E-504
CARLOS EZEQUIEL BARRIOS TORREZ;9812239;E-504
CARLOS GARCIA CRUZ;16406645;E-504
CARLOS LEONEL QUELCA FABRIC;9598102;E-504
CARLOS MISAEL RIOS CORREA;13272303;E-504
CARLOS SANTIAGO AYZALLANQUE FERNANDEZ;14770781;E-504
CARLOS SEBASTIAN CHUMACERO SANCHEZ;13907350;E-505
CARLOS THIAGO SAIBURY JIMENEZ;13376013;E-505
CARLY GABRIEL ZEGARRA CHAVEZ;14693503;E-505
CARMEN ALEJANDRA LEYTON PLAZA;13209070;E-505
CARMEN AMELIA MOLINA CARTAGENA;13709831;E-505
CARMEN HAZIEL TARIFA BRAÑEZ;10912881;E-505
CAROLINA RIOS ENRIQUEZ;13710084;E-505
CAROLINA SAAVEDRA VILLANUEVA;13500920;E-505
CATALINA ALEJANDRA TORREZ FERRUFINO;9660505;E-505
CECILIA ARCE CUAQUIRA;13669014;E-505
CECILIA JIMENA SALAZAR CUYATY;14311267;E-505
CECILIA RAFAELA BANEGAS FLORES;9625691;E-505
CELESTE SANDIBEL BAUTISTA LLANOS;13613663;E-505
CESAR JHUNIOR COSSIO CHOQUE;13544769;E-505
CESIA ISABEL ZAMORA GONZALES;13078579;E-505
CHRISTIAN EDUARDO TORRICO SEVERICHE;14748283;E-505
CHRISTIAN QUINTEROS PASTOR;13307049;E-505
CLEIDY MARIANA CUELLAR FLORES;14930380;E-505
CRISTIAN FERNANDO SANCHEZ ORTEGA;9779850;E-505
CRISTOBAL PARADA SALAZAR;11396441;E-505
DAGMA QUINTEROS PASTOR;13307047;E-505
DAIRA JULIANA PAZ ERGUETA;13735471;E-505
DAJHANNE CHAVEZ VELASQUEZ;9841209;E-505
DAMELIS CHOQUE SOLIZ;9796235;E-505
DAMIAN ROMERO AGUILERA;9667550;E-505
DANA FERNANDA SOTO ESCOBAR;14053213;E-505
DANA SOPHIA FLORES ZURITA;14808811;E-505
DANET QUIROGA PADILLA;13500902;E-505
DANIEL ALEXANDER RAMIREZ BARJA;14990133;E-505
DANIEL BUSCH CHILO;15504048;E-505
DANIEL YERAL VENTURA CATUNTA;11381586;E-505
DANIELA MAMANI MIRANDA;9642191;E-505
DANIELA MICHELLE ROCABADO CASTRO;13377661;E-505
DANIELA STEFANY BALDERRAMA VARGAS;13211186;E-505
DANNA BELEN VALDA PALZA;15245835;E-505
DANNA DABEYBA VACA FLORES;13140911;E-505
DANNA GISSELE FLORES JIMENEZ;11400485;E-505
DANNA MEDRANO GONZALES;13702765;E-505
DANNA MICHELLE FLORES DORADO;13702044;E-505
DANNA SCARLET DIEZ JUSTINIANO;9713966;E-505
DARIO ARMANDO MARTINEZ CORTEZ;13703603;E-506
DARLEN ANDREA AGUILERA PINAYA;11366256;E-506
DARLIN CHURA QUISPE;14434052;E-506
DARLING JAZMIN SEVERICHE CABRERA;14990528;E-506
DAVID OSINAGA PAREDES;13364616;E-506
DAVID QUINTANA GUTIERREZ;12921827;E-506
DAVINIA PEREZ SEVERICHE;11337833;E-506
DAVINIA ROMINA FERNANDEZ TORRICO;13701751;E-506
DAYANA NICOLE CUELLAR ARENAS;14780360;E-506
DAYIVEL BEATRIZ MICHEL YRIARTE;12857730;E-506
DEISY ORIAS ANAGUA;15136115;E-506
DIAMELA VICTORIA SERRANO AVIZA;13702872;E-506
DIANA ABIGAIL PANOZO VILLAGOMEZ;12633214;E-506
DIANA CECILIA FERRUFINO COCA;13207489;E-506
DIANA LUCERO CLAURE VILAMANI;16408272;E-506
DIANA MAEDA MAMANI;13708369;E-506
DIANDRA SALAZAR REYNAGA;12922041;E-506
DIARA LOANA ARRIAGA LOPEZ;16714934;E-506
DIEGO ALEJANDRO ORELLANOS CRUZ;12756955;E-506
DIEGO ALEJANDRO TABORGA GARCIA;12954955;E-506
DIEGO ANDRES MORALES ANTEZANA;9819309;E-506
DIEGO CAMPOS COLLAZOS;12922978;E-506
DIEGO DAVID CARDENAS CORDOVA;13774986;E-506
DIEGO FERNANDEZ VILLEGAS;13837636;E-506
DIHARA YACENDY GONGORA DOMINGUEZ;14724950;E-506
DOMINIQUE QUIROGA VILLARROEL;13538782;E-506
DOUGLAS ALAVE POLO;8480071;E-506
DULCE MARIA IGNACIO SALVADOR DE;13976299;E-506
DULCE MARIA LIMA ALARCON;13709135;E-506
DULCE NATALIA PAZ FERRUFINO;14302083;E-506
DUNIA VALERIA MULLER VALDIVIA;11305153;E-506
EDISON ISAHI GAVILANES ESCOBAR;E-11610563;E-506
EDSON GARCIA ANDRADE;15260161;E-506
EDUARDO RIVAS PANIAGUA;11353045;E-506
EDWARD HUACANI RODRIGUEZ;13557530;E-506
EDWARD RASHID HONOR CABALLERO;9731609;E-506
EITHAN ROBERTH MOGROVEJO FERRUFINO;12759880;E-506
ELAR SANTIAGO LANDIVAR LOPEZ;13832442;E-506
ELDA CELINA CHAVARRIA CORONADO;9828368;E-506
ELIANE FERNANDA LOBO VALVERDE;12600718;E-506
ELIANNE JIMENEZ BURGOS;13432790;E-507
ELIAS REINOSO MARIN;12987404;E-507
ELTHON YHON CUELLAR CHOQUEHUANCA;13144737;E-507
EMANUEL CARDENAS LIMPIAS;12918301;E-507
EMILIA NAGASHIRO CARDENAS;12792458;E-507
EMILY NASIRA LLANES CONDORI;13700367;E-507
EMILY SHANDEL ARAMBULO MORA;13474897;E-507
EMILY YESSENIA CHOQUE CONDORI;13539067;E-507
ENRRIQUE ADRIANO CABRERA QUIROZ;13444782;E-507
ERICK ALBEIRO CHIMBER VILLCA;12724738;E-507
ERICK GAEL ESTREMADOIRO ORTIZ;9753485;E-507
ERLAND SANTIAGO PARIS FLORES;14777037;E-507
ESTEFANIA SEVERICHE RAMIREZ;13110916;E-507
ESTER AYALA GUZMAN;14655984;E-507
ESTHER GABRIELA AZURDUY ANTONIO;9640755;E-507
ESTIVEN JESUS URDININEA VALVERDE;13496749;E-507
EUNICE ROMAN QUIROZ;13501807;E-507
EUNISSE SOLEDAD HIDALGO OROSCO;14160625;E-507
EVA LIDIA YUJRA VALERO;11323497;E-507
EVANS JORDAN REYES;13140991;E-507
EWAN QUISBERT LIJERON;17721704;E-507
EZEQUIEL BENJAMIN SULETA QUISPE;15628485;E-507
FABIANA ARIAS CHOMA;14749899;E-507
FABIANA CASTRO CORONADO;9763195;E-507
FABIANA CORONADO CASTRO;11402001;E-507
FABIANA VICTORIA TOLEDO ANDRADE;9831051;E-507
FABINA ANTEZANA MEJIA;13306417;E-507
FABIO ANGEL PABLO NINA;8968171;E-507
FABRICIO DURAN VACA;14132864;E-507
FABRICIO JOEL FERNANDEZ LOPEZ;15013353;E-507
FABRICIO SAHID PUMA TERRAZAS;13901018;E-507
FABRIZIO RIBERA AGUILERA;13140567;E-507
FERNANDA FLORES CANIZARES;9585136;E-507
FERNANDA REYES CARBALLO;9856918;E-507
FERNANDA VALVERDE CAMPOS;12661052;E-507
FERNANDO JOSE ROYUELA ROCA;12758977;E-507
FIBY GONZALES CHOQUE;14746106;E-507
FIDEL ALEXANDER CASTRO SAAVEDRA;12504108;E-507
FLAVIA ANDREA MENDIETA SILVA;9787079;E-507
FLAVIA QUINTEROS TICONA;13501190;E-507
FLAVIA VALDIVIA ALTAMIRANO;14089391;E-508
FRANCIS ARIANA GUTIERREZ CORDOVA;9753157;E-508
FRANCISCO MATIAS PARADA VENTURA;13613139;E-508
FRANCO CAERO CALLAU;14473358;E-508
FRANCO ENCINAS MONTERO;11384585;E-508
FRANCO LEONEL SEREZO AYLLON;8963808;E-508
FRANCO ZEBALLOS GUZMAN;12698633;E-508
FRANK ERNESTO VACA MENACHO;11303516;E-508
FRANZ LEONARDO APODACA ZABALA;9817615;E-508
FRANZ WIL PIZARRO BARRIOS;13708940;E-508
FREDDY ALEJANDRO BARRIENTOS CRESPO;12921814;E-508
FRIDA ROJAS GUZMAN;13730078;E-508
FROIL DEMETRIO NUÑEZ PEREZ;12756507;E-508
GABRIEL DARIO MORALES JIMENEZ;12857333;E-508
GABRIEL EDUARDO CHUMACERO SCHEIDL;13701756;E-508
GABRIEL EDUARDO HIDALGO ALARCON;13494645;E-508
GABRIEL FRANCO MEJIA;12789077;E-508
GABRIELA GARCIA GUZMAN;9731706;E-508
GABRIELA MONTERO CALZADILLA;12600587;E-508
GAEL AARON DURAN VARGAS;16660494;E-508
GARY JONAS CARI CRESPO;13364625;E-508
GENESIS MADAI CALDERON TELLEZ;14004058;E-508
GENESIS ORIANA RODRIGUEZ FLORES;14930963;E-508
GERMAN DELUKA MEDRANO PARDO;9749905;E-508
GIAN  KARLA CASTILLO TELLEZ;14934683;E-508
GISELLE INES MARTINEZ GUARACHI;13537046;E-508
GISSEL VARGAS FERNANDEZ;13484509;E-508
GISSELLE MAYTE NOVA ALMIRON;14659715;E-508
GIULIANA YAMILE CABRERA BALCAZAR;13697498;E-508
GLADYS BRUNELHA VARGAS ROMANO;9841095;E-508
GLADYS MARGARITA GATICA ROJAS;11334251;E-508
GRECIA VALERIA MARTINEZ ALANOCA;14776840;E-508
GRETHEL VALESY MONTERO NUÑEZ;12725019;E-508
GRETZEL VALDIVIA CUELLAR;13704786;E-508
GUALBERTO JONAS CARI CRESPO;13364626;E-508
GUSTAVO LUCIO QUEVEDO TEJERINA;9616023;E-508
HANNAH CLAROS SALVATIERRA;14931625;E-508
HANS FERNANDEZ SALVATIERRA;13205662;E-508
HEIDY MERIDA CRUZ;11362326;E-508
HELEN MIRTHA ATAHUICHI TUPA;13775032;E-508
HELEN XIOMARA VARGAS ACHA;13544598;E-521
HENRRI CHOQUE COPA;12663039;E-521
HENRRY GARY ASCARRUNZ MENDOZA;12663012;E-521
HIKARI PAREDES MULLER;9626995;E-521
HUGO DANIEL HURTADO GALVIS;9663276;E-521
HUGO DAVALOS ESPINOZA;13365969;E-521
HUGO ELIAS SANDOVAL PARRA;13974129;E-521
HUGO GAEL DAZA MONTIEL;7569846;E-521
HUMBERTO FLORES MENACHO;13709660;E-521
IAN OWEN RALDE COAQUIRA;11080485;E-521
ILENKA ARREDONDO JUSTINIANO;13707042;E-521
IRENE BELEN CONDORI MEJIA;12921771;E-521
ISAAC GERMAN GUARDIA FLORES;9772239;E-521
ISABEL FIGUEROA RIBERA;12890719;E-521
ISABEL PEREZ VELA;13002362;E-521
ISABELA CABRUJA NOVAKOSKI;9632350;E-521
ISABELLA ECHEGARAY JUSTINIANO;9609649;E-521
ISABELLA SAUCEDO HURTADO;11340710;E-521
ISABELLA TORREZ PECHO;12922626;E-521
ISAIAS KENDER SANSUSTE FERNANDEZ;12917309;E-521
ISAIAS MATEO QUIROZ RUEDA;13705585;E-521
ITALIA GOMEZ CANDIA;13974563;E-521
IVANA HERBAS ORTIZ;13901332;E-521
IVANNA BELEN VALVERDE RIVERA;13172238;E-521
IVER LEONARDO DOMINGUEZ SALDAÑA;13396696;E-521
IVONNE ABIGAIL LLANQUE GARCIA;12885616;E-521
IXEL ARIANA NUÑEZ PACHECO;12888650;E-521
JADE MAGNOLIA LOVERA FERNÁNDEZ;12760055;E-521
JADEL SAMIR TINTAYA MORALES;11308127;E-521
JAIME ANDRES HERNANDEZ ALBA;16970416;E-521
JAIRO MATEO HURTADO MEDINA;13076709;E-521
JANETH STHEFANIE AÑEZ CORCUY;13501109;E-521
JAROL GONZALES FERRUFINO;13974717;E-521
JASMIN BACOSTA QUISPE;14692123;E-521
JAVIER ALONSO DURAN QUIÑONES;12508462;E-521
JAVIER DAVID CHAMBI URURI;13710562;E-521
JAVIER MATTHIAS GARCIA PEREZ;12357391;E-521
JEMIMA DAISY LOPEZ CALANI;14408997;E-521
JEREMIAS LIMPIAS HERRERA;12504982;E-521
JESSEN CHAMBI VILLARREAL;14808128;E-521
JESSICA NAOMY PACHECO PARDO;14693683;E-522
JESSIKA MICAL LIMON RIOS;9824302;E-522
JESUS FERNANDO HERRERA JUSTINIANO;12598140;E-522
JESUS MAURICIO MIRANDA BARJA;14693002;E-522
JESUS NUÑEZ AVALOS;14099661;E-522
JHAIR DAVID HUANACO MARTINEZ;15048588;E-522
JHAIR NAHUM SANTANDER CARI;12358226;E-522
JHAMILE ANTONELA GUTIERREZ SULLCA;13870374;E-522
JHAYDEN JAZMIN CHINO ACAPA;14963410;E-522
JHEISON NILS CAMARAS ESTRADA;11361722;E-522
JHOAN ARMANDO GARCIA GUERRA;12785410;E-522
JHOANA ESTEFANY JAIMES CABRERA;14781211;E-522
JHOELY PORRAS VARGAS;9713467;E-522
JHON SEÑA CALAPIÑA;11346711;E-522
JHON WIDEN ESPINOZA CUAQUIRA;9751707;E-522
JHONATAN RODRIGUEZ TOMICHA;13432444;E-522
JHULIETH ROCIO ARANCIBIA ARANCIBIA;10350435;E-522
JIRO LARRAZABAL YAMASHIRO;13710509;E-522
JOADEL GOMEZ YOVIO;1219516;E-522
JOAQUIN SAMUEL MURILLO POGGI;9666904;E-522
JOEL ALPIRE ROCHA;14470855;E-522
JOEL BENJAMIN BARJAS SEGOVIA;15470869;E-522
JOEL CUELLAR MORALES;14997193;E-522
JOEL JOSUE ROQUE POLO;14862183;E-522
JOEL MAGDIEL BAMBA MAMANI;12691097;E-522
JOEL MATHIAS MOLINA MAMANI;13802962;E-522
JOHAM ALFREDO ESCOBAR CARDOZO;13144685;E-522
JOHAN JHEFERSON CHOQUE FLORES;15331691;E-522
JONATAN ALPIRE ROCHA;14470854;E-522
JORGE ANDRES HURTADO CUELLAR;13209932;E-522
JORGE ANDRES MIRANDA OSINAGA;13172794;E-522
JORGE NUÑEZ JUSTINIANO;10983946;E-522
JORGE SAMUEL ROBLES AIREYU;11384593;E-522
JOSE ADRIAN OVANDO PEREZ;11396697;E-522
JOSE ARTURO POMA MEDRANO;12792726;E-522
JOSE CARLOS GODOY SANCHEZ;9734872;E-522
JOSE DENIS CORREA YUCRA;9971174;E-522
JOSE FERNANDO ZABALA MAMANI;14694359;E-522
JOSE FRANCISCO LOZANO LEON;9661834;E-522
JOSE LEONEL CUEVAS MAYAN;12621931;E-522
JOSE LUIS CALLE CHUVI;13985748;E-523
JOSE LUIS VILLCA LLANOS;13079934;E-523
JOSE MIGUEL CUASACE MAMANI;14765984;E-523
JOSE URIEL VALVERDE TERAN;12535174;E-523
JOSE YAHIR FERRUFINO PADILLA;9780734;E-523
JOSEPH MESAC MAMANI CHURA;12540614;E-523
JOSIAS ACEBO JUSTINIANO;12383918;E-523
JOSIAS LEANDRO LAPACA DOMINGUEZ;9608990;E-523
JOSUE BENJAMIN PATICU CALZADILLA;14410148;E-523
JOSUE ISRAEL GARCIA ROQUE;13975907;E-523
JOSUE MATIAS SANDOVAL SEJAS;15063313;E-523
JOSUE POQUIVIQUI MORALES;13432552;E-523
JOSUE SAMIR QUISPE CHOQUEHUARA;9619125;E-523
JUAN CARLOS AGUIRRE DAZA;13111097;E-523
JUAN DANIEL CASTILLO HUAYRAÑA;11402822;E-523
JUAN DIEGO MIRANDA MELGAR;12760083;E-523
JUAN JAIME ARMATA HERRERA;9456846;E-523
JUAN JOSE BARRA TORRES;14707331;E-523
JUAN MIGUEL MAMANI QUISPE;13710526;E-523
JUAN PABLO VIGABRIEL ARIAS;13700600;E-523
JUAN SEBASTIAN ESPEJO OSINAGA;12922770;E-523
JULIA ESTEFANI ACOSTA OSORIO;14053211;E-523
JULIANA MARIN ESTREMADOIRO;13710151;E-523
JULIETA COCA HERBAS;12697344;E-523
JULIETA SALDAÑA MONTAÑO;10737189;E-523
JULIO CESAR MONTERO CARRASCO;14775553;E-523
JULIO ENRIQUE CALDERON GONZALES;14692648;E-523
JUNIOR ALFREDO ROJAS ALI;13270005;E-523
KAMILA AYO ALARCON;13700148;E-523
KAMILA VILLARROEL ORTIZ;13720736;E-523
KAREL XIOMARA ALVARADO FERNANDEZ;14708034;E-523
KAREN ARIANA CAZAS VIDAURRE;14088619;E-523
KAREN CESPEDES SAAVEDRA;9775963;E-523
KAREN CLAROS SILVESTRE;15156964;E-523
KAREN GIULIANNA OJEDA QUIROZ;13300919;E-523
KAREN IVANNA MURIEL FLORES;13710419;E-523
KAREN LEYDI QUITANILLA MARTINEZ;14746899;E-523
KAREN LISSETH AGUILERA MOLINA;13602095;E-523
KAREN SUSANA MARTINEZ GABRIEL;14694851;E-523
KARLA JHOANA AGUILAR TOLEDO;9784910;E-523
KATHERINE CHAVEZ CARTAGENA;13140950;E-524
KATHERINE GISSELY ESPINOZA RUIZ;11385420;E-524
KATHERINE PATRICIA LIZARAZU VARGAS;14474336;E-524
KATHERINE VEGA ROSADO;13672437;E-524
KATHIA DENKA TOLA ORDOÑEZ;14409875;E-524
KEIDY LUCERO LEON GUZMAN;14131087;E-524
KEILA MARIA REYNOLDS CAMBARA;13431177;E-524
KELLSEY ALEJANDRA MARTINEZ GARNICA;11331942;E-524
KELLY RAQUEL MARTINEZ PINAYA;13703036;E-524
KELLY YAREMKA PADILLA GUMUCIO;15546569;E-524
KELSY FABIANA SOLETO GARCIA;16174886;E-524
KENDY SOFIA BORDA JIMENEZ;13337310;E-524
KEVIN ABEL CHOQUE FLORES;12508721;E-524
KEVIN DAVID LLIULLI VALDA;13776049;E-524
KEVIN GONZALES YAVE;13271838;E-524
KEVIN WILLIAMS FUENTES ROJAS;13501010;E-524
KEYRA RENGEL BRUCELA;12631614;E-524
KIARA FLORIANA PORTALES SERNA;14587190;E-524
KIARA LIJERON RUEDA;14137763;E-524
KIHARA MICAELA TERRAZAS CASTAÑETA;13784182;E-524
KYRA CAROLINA LUCAS MARTINEZ;11303308;E-524
LEANDRO MOY CHAVEZ;12355564;E-524
LEONARDO FARFAN ZAPATA;9736358;E-524
LEONARDO FAVIO CRUZ PEREZ;13900398;E-524
LEONARDO FLORES ROA;13269829;E-524
LEONARDO GABRIEL GALVIS PEÑA;13300494;E-524
LEONARDO MARTIN ESCOBAR MORENO;12950024;E-524
LEONARDO RAFAEL AGUILAR TERCEROS;15624435;E-524
LEONEL ANDRES FERNANDEZ GALLARDO;13776163;E-524
LEONEL EFREN ROJAS CHIRICO;14254110;E-524
LIA AGUILAR PALACIOS;16214688;E-524
LIAM ALMARAS CARRILLO;13710418;E-524
LIMARY MEDINA VACA;13236321;E-524
LIMBERG GADIEL VACA AVILA;12885185;E-524
LIONEL MAURUS CAMACHO MALDONADO;16253488;E-524
LISBETH ROSARIO BARRERA FLORES;13304104;E-524
LITA TIZIANA LEON PEÑA;13431351;E-524
LITZI YASHIRA RICO CESPEDES;17095378;E-524
LIZ MAYA ZURITA TORREZ;14053817;E-524
LIZETH CAROLINA MOLLO MOGA;7397674;E-524
LORENA OCHAGAVIA GUTIERREZ;9790743;E-525
LUANA ARAMBULO GUTIERREZ;14396209;E-525
LUANDA VILLARROEL JUSTINIANO;12986310;E-525
LUCAS CADARIO MERCADO;13711344;E-525
LUCAS GABRIEL SOTO GARECA;9666053;E-525
LUCAS JOSUE BARJA MAMANI;13046244;E-525
LUCAS MORALES BARBERY;14876404;E-525
LUCAS PACHECO DOMINGUEZ;12444666;E-525
LUCIA CAMILA VARGAS LA FUENTE;13209988;E-525
LUCIA ELVIRA CASTEDO MONTAÑO;13537816;E-525
LUCIA VALERIA CORONADO SIFUENTES;12888721;E-525
LUCIA VARGAS TALAVERA;13537825;E-525
LUCIANA AÑEZ NAZRALA;9591830;E-525
LUCIANA GUTIERREZ VEGA;11336966;E-525
LUCIANA ISABELLA ALBERTI MONTERO;13710055;E-525
LUCIANA MASSIEL JURADO RODRIGUEZ;13270342;E-525
LUCIANA PEREZ CHAVEZ;11343743;E-525
LUCIANA ROCA ÑANDAUCA;13670871;E-525
LUCIANA SEAS GUERRERO;13903066;E-525
LUCIANA ZURITA MALDONADO;13543821;E-525
LUCIANE MONTERO TANGARA;14325774;E-525
LUCIANE NADIA YUJRA GUACHALLA;12921399;E-525
LUCIO ALFREDO SALVATIERRA ZELADA;13428986;E-525
LUCY GABRIELA VILLCA LEON;12857646;E-525
LUIGGI RODRIGUEZ CHAVEZ;13274813;E-525
LUIS ALEJANDRO VACA SALVATIERRA;14084574;E-525
LUIS ANGEL VEIZAGA VARGAS;13444892;E-525
LUIS DANIEL PACHECO LOAIZA;13976844;E-525
LUIS ERNESTO ALDUNATE ABURDENE;9779539;E-525
LUIS FABIANO VELASCO ALVARADO;9636983;E-525
LUIS MAICOL CABRERA CASANOVA;12760374;E-525
LUIS SEBASTIAN ANDRADE MENDEZ;13980330;E-525
LUIS VELASQUEZ MOSTACEDO;17204807;E-525
LUISA LHENNA AGUILERA ROCABADO;14141122;E-525
LUZ BELEN VIRGO CARREÑO;14260880;E-525
LUZ CAMILA CAYO CABALLERO;13832023;E-525
LUZ CLARITA VALDA CORONADO;14323450;E-525
LUZ HELEN MAYTA MAMANI;11346265;E-526
LUZ MERY QUEMAYA ZURITA;9813442;E-526
LUZ MILENKA SERRUDO AUCACHI;14692553;E-526
MACIEL CHOQUE OCAMPO;9809603;E-526
MADAI DAZA ENCINAS;9664590;E-526
MADERLA FLORES SUBIRANA;14134122;E-526
MAILY ANDREA ALVAREZ MIRANDA;15410205;E-526
MAITE GABRIELA OSINAGA PENAS;13050710;E-526
MAITE HEFZIBA VELASQUEZ VILLARROEL;12987124;E-526
MAITE YISSEL RIVERA VARGAS;14693321;E-526
MAITHE FABIOLA GUTIERREZ ROMERO;12729612;E-526
MAITTE KATHIA MICHEL VALLEJOS;9784523;E-526
MALANIE MONASTERIO CESPEDES;9604619;E-526
MANUEL FRANCISCO LINO SEVERICHE;12730106;E-526
MANUEL RAMSES MAMANI MORALES;9622961;E-526
MARCIA JANICE CORONADO OÑA;9807451;E-526
MARCO ANTONIO CARRASCO TERCEROS;13637948;E-526
MARCO GARCIA MOSCOSO;9028789;E-526
MARCO VEGA CASTRO;9717333;E-526
MARGARITA DEL CARMEN PAZ TALAVERA;9622511;E-526
MARIA BELEN GONGORA ZARATE;13338230;E-526
MARIA BELEN VARGAS GALVIS;14434454;E-526
MARIA CELESTE LAIME MAYSER;12353459;E-526
MARIA CELESTE PADILLA BURGOS;13700960;E-526
MARIA DE LOS ANGELES RODRIGUEZ TORO;14777244;E-526
MARIA DEL CARMEN PALENQUE CRUZ;9813394;E-526
MARIA DEL PILAR ROMERO ESCALERA;10982239;E-526
MARIA FERNANDA MEDINA BARRIOS;14632799;E-526
MARIA FERNANDA PEREYRA BURGOA;9824188;E-526
MARIA GABRIELA CRESPO ZAMBRANA;15613005;E-526
MARIA ISABEL GUZMAN HURTADO;12418151;E-526
MARIA ISABEL PAREDES VELEZ;10991142;E-526
MARIA JOSE CARRANZA CUELLAR;9884721;E-526
MARIA JOSE CARRASCO MAITA;12698911;E-526
MARIA JOSE MONTES MURILLO;14395947;E-526
MARIA JOSE PANOZO BEJARANO;13710842;E-527
MARIA LUNA PERALES RODRIGUEZ;14089994;E-527
MARIA RENE PADILLA DURAN;13703823;E-527
MARIA RENE YESKE SANCHEZ;12858094;E-527
MARIA RENEE LOAYZA VALVERDE;11344959;E-527
MARIA TERESA TABOADA MORALES;11344928;E-527
MARIA VICTORIA BALDOMAR SUAREZ;9583295;E-527
MARIA VICTORIA MONTAÑO SUAREZ;9764119;E-527
MARIANA AGUIRRE ARANDIA;13543992;E-527
MARIANA BERNABE HERRERA;13429523;E-527
MARIANA CORONADO CASTRO;11402008;E-527
MARIELA ALEXANDRA PEREZ CAMPOS;15050336;E-527
MARILIA LEONOR VELASQUEZ BARJA;14708109;E-527
MARILUZ YORJELI COAQUIRA FLORES;14408530;E-527
MARINEL VILLAGOMEZ MAMANI;13698063;E-527
MARIOLY NICOLY QUISPE ALVARADO;14495639;E-527
MARY ANGELES CABRERA HOYOS;14995137;E-527
MARY LIZZIE OLMEDO RAMOS;16870621;E-527
MARY LUDY AVILA ROJAS;10980443;E-527
MARYAN ALEJANDRA OROZCO BLANCO;13710427;E-527
MASIEL AVARIEGA CHAVEZ;14969122;E-527
MATEO ARDAYA SALVATIERRA;12890248;E-527
MATEO COLQUE VELASQUEZ;13539405;E-527
MATEO GABRIEL PEREZ PADILLA;10981059;E-527
MATEO MENA SOLIZ;13364619;E-527
MATEO MOLINA CUBA;14973151;E-527
MATEO NERY FERRUFINO;13501237;E-527
MATEO NUÑEZ VARGAS;9628287;E-527
MATEO SANTIAGO ARTEAGA PEREZ;9660292;E-527
MATEO SOLIZ AVENDAÑO;14748198;E-527
MATHIAS COIMBRA CABRERA;13304713;E-527
MATIAS ARIEL CARDONA PEDUCASSE;12923085;E-527
MATIAS ARTURO MEJIA ESCUDERO;13705136;E-527
MATIAS BRUNO GUTIERREZ ALVARADO;13303173;E-527
MATIAS COLINA MORALES;13837635;E-527
MATIAS EMANUEL PITA MOLINA;12565857;E-527
MATIAS JUSTINIANO PERALTA;9590593;E-527
MATIAS MALDONADO AGUILAR;12388530;E-527
MATIAS TEJERINA CAMACHO;12505049;E-528
MAURICIO CUELLAR TORREZ;12985553;E-528
MAXIMILIANO DAKIN VASQUEZ;13547001;E-528
MAYA CABRERA TARQUINO;8483192;E-528
MAYORLY HAEL TARIFA MEDINA;12388479;E-528
MAYTE MARIANA CRUZ MONTERO;9609921;E-528
MAYTHE RIBERA MENDEZ;12597403;E-528
MEL YURY BAUTISTA BALDELOMAR;9317519;E-528
MELINDA BARBA SALDAÑA;13728744;E-528
MELISSA COLODRO ESCALANTE;15004266;E-528
MERLIN GISELLE ALCEIS VACA;13802285;E-528
MIA VALENTINA TOLEDO ANTELO;9856890;E-528
MICAELA CRISTINA HERBAS GONZALES;12984224;E-528
MICAELA NAZARET JUSTINIANO LOAYZA;10340252;E-528
MIGUEL ANGEL LIMON DAZA;9851123;E-528
MIGUEL FLORES GUTIERREZ;14252834;E-528
MIGUEL IVAN HERBAS ORTIZ;13901200;E-528
MIHAEL ADRIAZOLA VALDIVIEZO;13710431;E-528
MIKAELA ROSARIO SOSA PEÑA;13613916;E-528
MIKEL ANGELO TORRICO MONTOYA;13453636;E-528
MILAGROS NATHALY CONDORI MAMANI;12760546;E-528
MINDY CHAVEZ VARGAS;15243587;E-528
MISAEL ELIAS COLQUE QUISPE;14325668;E-528
MISAEL VALDIVIA FUENTES;13699770;E-528
MOISES GUSTAVO GORDILLO CRESPO;13783826;E-528
MOISES MERCADO SAUCEDO;13210802;E-528
MONICA YANA VALVERDE;13907003;E-528
MONTSERRAT VARGAS QUISPE;15268733;E-528
MYLEN TARQUI CHINCHE;16655235;E-528
NADIA LUCIA VEIZAGA LLORENTY;13305414;E-528
NADIA SOFIA VARGAS MATURANA;12886253;E-528
NAGIB VARGAS SERRANO;12415963;E-528
NAHIR ALEJANDRA GUZMAN RIVERO;13430493;E-528
NAIM FELIPE RIVERO OCAMPO;13337660;E-528
NATALIA MOLINA PONCE;13702369;E-528
NATALIA MONTAÑO ROCA;14466934;E-528
NATALIA RADA PAREDES;14688301;E-528
NATHALIA RIVERO RIBERA;14930969;E-528
NAYIVE ELIENE RIVERO OLIVA;12356406;E-528
NEELS ANDERSON ALGARAÑAZ CHOQUE;14120081;E-528
NESTOR ANDRES CARDENAS VARGAS;11402777;E-529
NICOLAS CABRAL SERRANO;12984471;E-529
NICOLAS DEREK CRONEMBOLD ROJAS;12921682;E-529
NICOLAS EDUARDO AGUILERA TORREZ;13711343;E-529
NICOLAS EMILIANO EGUIVAR PINTO;9895454;E-529
NICOLAS FERNANDO TAPIA NINA;14274249;E-529
NICOLAS MEDINA CABRERA;12358356;E-529
NICOLAS SUAREZ RODA;9832715;E-529
NICOLE FABIOLA SANCHEZ VACA;13702067;E-529
NIURKA HEIDI MALALE NUNI;9830213;E-529
NIURKA SALDAÑA MELGAR;14139653;E-529
NOELIA BANEGAS SALAZAR;14162360;E-529
NOELIA SIMONE PAREDES BELLIDO;13492079;E-529
NOEMI NAOMI LOPEZ FLORES;14503813;E-529
NORAH SOFIA RIOS VIDAL;15234493;E-529
NURIA GERALDINE QUISPE QUISPE;14473009;E-529
NURIA LUCIA BORDA MUÑOZ;13430041;E-529
NURIEL JORDAN QUISBERT;12884731;E-529
OLIVER MATEO SALAZAR RUIZ;11329810;E-529
OLIVIA CORONADO CESPEDES;12890298;E-529
ORIANA FIORELLA SANDOVAL BANEGAS;12445623;E-529
ORIANA IBAÑEZ QUINTELA;13730867;E-529
ORIANA MICHELLE PARADA CALDERON;14680976;E-529
PABLO ANDRES JUSTINIANO RODRIGUEZ;9050178;E-529
PABLO DANIEL LOPEZ CUELLAR;12890150;E-529
PABLO DANIEL PANIAGUA FAREL;13776160;E-529
PAOLA ADRIANA MORENO CORDOVA;13546369;E-529
PAUL DIEGO DIEZ SANDOVAL;13709585;E-529
PAULA ANDREA ARAUZ PEREZ;14787435;E-529
PAULA MASAI SERRANO;13080958;E-529
PAULA SARMIENTO VARGAS;13429781;E-529
QUEREN HAPUC JUSTINIANO SUAREZ;16547117;E-529
RAECHELL BELEN BARRIENTOS ZARATE;14826871;E-529
RAFAEL CALDERON APONTE;11338297;E-529
RAFAEL FERNANDO COLQUE FERNANDEZ;12736747;E-529
RAFAEL PEREZ QUIROGA;13930008;E-529
RAFAELA RAMIREZ VALLEJOS;12386375;E-529
RAMIRO SADIEL CONDORI PARI;11346063;E-529
RAQUEL CORONADO MENDEZ;15238744;E-529
RAQUEL VALENCIA SOTO;13702227;E-529
RAUL ESCALANTE TOUCHARD;13975324;E-602
RAUL FEDERICO MUSSINI VERA;9851233;E-602
RAUL JOHADEL BRETON YAPACO;15471176;E-602
REBECA AURORA ORTEGA ESCALANTE;12918494;E-602
REBECA AVANY DOS SANTOS CHAVEZ;12789804;E-602
REBECA MENDOZA AVALOS;12794352;E-602
REGINA VELEZ CALVENTE;9828612;E-602
RENZO ARTURO VELASQUEZ CAMPOS;13488952;E-602
RICARDO ANDRE VERDUGUEZ JUSTINIANO;11339088;E-602
RICARDO ROY RIVERA CABALLERO;12359275;E-602
RIHANNA MENACHO ALVAREZ;10960243;E-602
RIHANNA THAIS RIBERA VARGAS;9818059;E-602
RIMBERT YOADEL RIVAS RIOS;14468804;E-602
ROBERTH LUIS GUTIERREZ LOPEZ;11314055;E-602
ROBERTO ALEXIS SOTELO RAMALLO;11344600;E-602
RODRIGO CHORE URIONA;12887168;E-602
RODRIGO MICHEL LANDIVAR ACHA;11344515;E-602
ROLANDO ANDRES FRANCO MONTOYA;13702147;E-602
RONALD ARTEAGA MACIAS;14995253;E-602
ROSA YUVITH SAAVEDRA FERNANDEZ;13634145;E-602
ROSSELINI DAVALOS PAZ;14353185;E-602
ROUSS NICOLE CUSSI YUGAR;9730480;E-602
ROY JUNIOR NINA GALINDO;13270265;E-602
RUBEN DARIO RIVERO OSINAGA;11339396;E-602
RUDI EDISON VARGAS SOSA;9761429;E-602
RUTH BELEN RIVERA VEIZAGA;12386341;E-602
SAHIRA ALICE VIDAL UREÑA;14139098;E-602
SALOME RODRIGUEZ MENDOZA;12986213;E-602
SALOMON CARDENAS LIMPIAS;129180666;E-602
SALVADOR MARTIN CRISPIN LASERNA;13545587;E-602
SAMIA ANAS ORSINI;13537435;E-602
SAMIA SOPHIA JIMENEZ PEDRAZA;13710373;E-602
SAMIRA BELEN BURGOS YAVETA;13015117;E-602
SAMUEL AARON ROMERO ROCA;12474098;E-602
SAMUEL FLORES SERRUDO;9787992;E-602
SAMUEL SIFUENTES BAURORO;14877851;E-603
SANDIBEL ROJAS CABRERA;14016280;E-603
SANTIAGO GHETTI CATALA;9598456;E-603
SANTIAGO HURTADO ARTEAGA;15640968;E-603
SANTIAGO HURTADO PORCEL;11342794;E-603
SANTIAGO SAHONERO RIPALDA;12922907;E-603
SANTIAGO SALAZAR ANTELO;11323729;E-603
SANTIAGO VARGAS ALCON;15136318;E-603
SANTIAGO VARGAS BOYAN;14658462;E-603
SANTIAGO WILLY PAUCARA LLANOS;14693227;E-603
SARA VALENTINA MARTINEZ SALAZAR;13337539;E-603
SARA YULIANA HERRERA CALLAU;13303137;E-603
SARAH MARIA VERA RUIZ;13698935;E-603
SARAHI GERALDINE FERNANDEZ QUISPE;12888549;E-603
SARAI BILBAO LA VIEJA SEJAS;15277096;E-603
SARAI CAMPOS GARCIA;13700150;E-603
SARAI HERRERA AVILA;9642435;E-603
SARAI VILLALTA VILLALBA;11338616;E-603
SAUL AJATA VACA;13979010;E-603
SAUL SAGREDO CESPEDES;11369643;E-603
SAYURI LUCIA FUJIMOTO CORREA;12355060;E-603
SCARLEN MAITE MARISCAL MALLON;14972708;E-603
SCHASCHENK SERRANO GUZMAN;13838591;E-603
SEBASTIAN ELIAS MALDONADO;13839962;E-603
SEBASTIAN HILDO SARABIA PEREDO;14326267;E-603
SEBASTIAN LISCHTERNAHUER VACA;13597357;E-603
SEBASTIAN SAAVEDRA TAPIA;12353006;E-603
SHARICK SANABRIA BAZAN;15048995;E-603
SHARON BRIGET CABALLERO ZURITA;15348857;E-603
SHEILA MERISHELL MENDOZA BORDA;13433788;E-603
SHEILA RUBI CONDORI COLQUE;13307214;E-603
SHIRLEY REYSHELL QUIROZ GARCIA;13270387;E-603
SILVIA ARACELY MAMANI RODRIGUEZ;13675295;E-603
SILVIA ISABELLA URGEL DURAN;13333261;E-603
SILVIO ANDRES SANCHEZ CONDORI;12693342;E-603
SOFIA ANDREA VEIZAGA BISMARCK;9648308;E-603
SOFIA ANTELO VARGAS;10994112;E-603
SOFIA CHUMACERO VALDIVIA;10649876;E-603
SOFIA CUELLAR CASTRO;12660540;E-603
SOFIA MERCEDES PEREZ SORIA;9834304;E-603
SOFIA NOEMI RIOS TORRES;15517757;E-604
SOFIA PANIAGUA ZEBALLOS;14497212;E-604
SOFIA RIBERA CORDOVA;9779486;E-604
SOFIA VICTORIA LOPEZ ZABALA;15044957;E-604
SOLANGE QUINTANA MELCHOR;13542664;E-604
STEFANO TORRICO FERNANDEZ;10992201;E-604
STEPHANIE CRUZ AÑEZ;13637650;E-604
SUEMY SOFIA CHAVEZ SALAZAR;12802817;E-604
SUMIE JITTO CLAROS;11334363;E-604
SUSANA MALAQUÍAS PACO RAMOS;14089903;E-604
TADEO GARCIA RIVERO;13207817;E-604
TATIANA GRISEL ORELLANA DULON;12480110;E-604
TATIANA JASMIN GARCIA CHOQUENAIRA;12949084;E-604
TATIANA PACHECO SAIBURY;13711012;E-604
TATIANA SALOME SOLIZ VEGA;12633493;E-604
TATIANA SUSSY CONDORI QUISPE;13079945;E-604
THAIS ARANO RODRIGUEZ;9788034;E-604
THIAGO JOAO VACA SALCE;14587321;E-604
THIAGO VINICIO ARANA SHELEMEN;12474519;E-604
TIARA ARANO RODRIGUEZ;9788035;E-604
VALENTINA JAEL DAZA CRESPO;12394703;E-604
VALENTINA JIMENEZ ROJAS;12385942;E-604
VALENTINA JUSTINIANO MONTIEL;12563782;E-604
VALENTINA KAMILA GARECA CAMACHO;13709846;E-604
VALENTINA LISBETH ERGUETA ENDARA;10955102;E-604
VALENTINA LLANOS LARA;11309505;E-604
VALENTINA SEAS RIVERA;12427635;E-604
VALERIA ARDAYA FRIAS;12759877;E-604
VALERIA BALCAZAR GUTIERREZ;11346098;E-604
VALERIA CALZADILLA MERCADO;14724033;E-604
VALERIA ELISABETH VACA NACIMIENTO;9583759;E-604
VALERIA PAYARES HURTADO;12534637;E-604
VALERIA POL ARAMAYO;13209228;E-604
VALERIA SOPHIA QUIROGA RIVERO;9829041;E-604
VALERIA TAIS CASTRO LANZA;12885397;E-604
VALERIA TARABILLO ARDAYA;12920338;E-605
VALERIA TORREZ MARAÑON;13900395;E-605
VALERIA VILL VASQUEZ;13141061;E-605
VALERIA YADINA ZURITA PEÑA;12985359;E-605
VANESSA SCARLET SIVILA BOZA;12962220;E-605
VANIA NICOLE GUZMAN MAMANI;17023880;E-605
VERONICA CRUZ PARDO;11328231;E-605
VICTORIA HINOJOSA ALGARAÑAZ;11301612;E-605
VICTORIA REICHELH PEÑA GARCIA;16648303;E-605
VIRGINIA EDITH CORTEZ HEREDIA;9662113;E-605
VIVIAN ANTONELA ROCA VACA;11308502;E-605
VIVIAN MARINE ESCALERA GONZALES;12696988;E-605
VIVIAN NAYAZIR YARAITE AYALA LOPEZ;12386502;E-605
VIVIAN TAIZ MAYORGA VARGAS;13706790;E-605
VIVIANA CABALLERO CONTRERAS;13704618;E-605
WARA BELEN GUZMAN RAMOS;11080466;E-605
WARA CABRERA TARQUINO;8483194;E-605
WEIMAR YAVI SUAREZ;16413756;E-605
WILFREDO DANIEL DELGADO SANABRIA;12794825;E-605
WILLIANS LUIS BALDELOMAR CALDERON;13702846;E-605
XIMENA SANDOVAL BECERRA;13431028;E-605
XIMENA VILLAGOMEZ BARBA;14387678;E-605
XIOMARA SALAS QUIROZ;12884585;E-605
YADLEY FLORES QUIROGA;13396881;E-605
YAMILE ARIANA MARQUEZ USTAREZ;17048510;E-605
YANINA BELEN GABRIEL ARICOMA;14087754;E-605
YANINA MOLINA  ORELLANA;13014017;E-605
YANINE HERRERA QUIROZ;13710425;E-605
YANIRA MARIA RAMOS CHOQUE;12548601;E-605
YARA SCHERLYN ACHA TIRADO;13305928;E-605
YENNY BALLEJOS ROSADO;15347604;E-605
YENNY YENNELY MONTAÑO ORTIZ;13730426;E-605
YESSICA CALIZAYA AGREDA;12986996;E-605
YESSICA ESPINOZA FLORES;15464996;E-605
YHUANN SKARLET DURAN AGUILAR;13396583;E-605
YISEL ROCHA VIVANCO;14826540;E-606
YISHU MICHELLE CEREZO MAMANI;15196238;E-606
YOHADEL IGNACIO QUISPE VARGAS;14455395;E-606
YULY VALESSY CRESPO LOPEZ;12697831;E-606
ZAHIRA LUANA CASSIS URGEL;15914825;E-606
ZAYDA ARENAS PEÑARANDA;15774657;E-606
ZECINHO ANDRES BISPO BANEGAS;12661517;E-606
ZIZA FLORYANA ANTUANETTE LOPEZ ZOTO;13704880;E-606
ZOELY HURTADO CASTEDO;11306935;E-606
;;
;;
;;
;;
;;
;;
;;
;;
;;
;;
;;
;;
;;
;;
;;
;;
;;
;;
;;
;;
;;
;;
;;
;;
;;
;;
